1604D919-43FF-41A1-9558-91A8CEFC75E3,1C7B6C03-481C-4BF9-A8D8-CAA16A6DE399,2023-12-19,4400.0000,5039100.0000,E1F519FD-1564-4E87-9790-6D9BF89D544E
9710A377-643E-4485-BBBA-83FB5C2602A3,1C7B6C03-481C-4BF9-A8D8-CAA16A6DE399,2023-12-18,4300.0000,5034700.0000,E1F519FD-1564-4E87-9790-6D9BF89D544E
00E0CC26-9256-4F09-A8CB-04442BD431BE,1C7B6C03-481C-4BF9-A8D8-CAA16A6DE399,2023-12-17,2800.0000,5030400.0000,E1F519FD-1564-4E87-9790-6D9BF89D544E
D96D8614-290B-4760-A557-054ECFAD8066,1C7B6C03-481C-4BF9-A8D8-CAA16A6DE399,2023-12-16,5100.0000,5027600.0000,E1F519FD-1564-4E87-9790-6D9BF89D544E
151098B8-CD2B-4A80-8CB5-867CD0FAA5F4,1C7B6C03-481C-4BF9-A8D8-CAA16A6DE399,2023-12-15,5300.0000,5022500.0000,E1F519FD-1564-4E87-9790-6D9BF89D544E
6AE8F71E-FC44-4B0A-B30D-B1D7924BC3C2,1C7B6C03-481C-4BF9-A8D8-CAA16A6DE399,2023-12-14,4800.0000,5017200.0000,E1F519FD-1564-4E87-9790-6D9BF89D544E
CEA421E8-DF16-456A-BAA2-4519CECBF271,1C7B6C03-481C-4BF9-A8D8-CAA16A6DE399,2023-12-13,5100.0000,5012400.0000,E1F519FD-1564-4E87-9790-6D9BF89D544E
E4831629-F7E3-4080-9FC7-4DCDE60CEF0D,1C7B6C03-481C-4BF9-A8D8-CAA16A6DE399,2023-12-12,4000.0000,5007300.0000,E1F519FD-1564-4E87-9790-6D9BF89D544E
D10C614C-B854-4504-8151-4367111C7B31,1C7B6C03-481C-4BF9-A8D8-CAA16A6DE399,2023-12-11,6300.0000,5003300.0000,E1F519FD-1564-4E87-9790-6D9BF89D544E
46DA9A70-5CCB-422E-AD97-2C22F021C686,1C7B6C03-481C-4BF9-A8D8-CAA16A6DE399,2023-12-10,3500.0000,4997000.0000,E1F519FD-1564-4E87-9790-6D9BF89D544E
456B692E-8D83-4F49-9B7F-0F7F08C03814,1C7B6C03-481C-4BF9-A8D8-CAA16A6DE399,2023-12-09,4100.0000,4993500.0000,E1F519FD-1564-4E87-9790-6D9BF89D544E
303304BE-2176-43AE-ACBE-377158A86DF8,1C7B6C03-481C-4BF9-A8D8-CAA16A6DE399,2023-12-08,3900.0000,4989400.0000,E1F519FD-1564-4E87-9790-6D9BF89D544E
E185FAA2-EB1D-4277-BEFE-3E916A3B006A,1C7B6C03-481C-4BF9-A8D8-CAA16A6DE399,2023-12-07,3000.0000,4985500.0000,E1F519FD-1564-4E87-9790-6D9BF89D544E
3CAF188A-C79F-47EB-8DC2-BF31487568FF,1C7B6C03-481C-4BF9-A8D8-CAA16A6DE399,2023-12-06,7900.0000,4982500.0000,E1F519FD-1564-4E87-9790-6D9BF89D544E
752E4A2C-9F7A-4350-8AC3-D92C488CB4ED,1C7B6C03-481C-4BF9-A8D8-CAA16A6DE399,2023-12-05,9500.0000,4974600.0000,E1F519FD-1564-4E87-9790-6D9BF89D544E
99F670FF-208F-4B40-A09F-5A20A7D9D8D5,1C7B6C03-481C-4BF9-A8D8-CAA16A6DE399,2023-12-04,4000.0000,4965100.0000,E1F519FD-1564-4E87-9790-6D9BF89D544E
7DCF38A6-E1A9-47AC-8D5C-9FB75CE680C6,1C7B6C03-481C-4BF9-A8D8-CAA16A6DE399,2023-12-03,2700.0000,4961100.0000,E1F519FD-1564-4E87-9790-6D9BF89D544E
BEF225DE-A044-44DB-B822-7F805F1FD903,1C7B6C03-481C-4BF9-A8D8-CAA16A6DE399,2023-12-02,2800.0000,4958400.0000,E1F519FD-1564-4E87-9790-6D9BF89D544E
F0F13B0A-186D-4776-A5B4-09BF3877DBE5,1C7B6C03-481C-4BF9-A8D8-CAA16A6DE399,2023-12-01,4400.0000,4955600.0000,E1F519FD-1564-4E87-9790-6D9BF89D544E
AD0F10AC-B100-4E2D-921B-71439882D204,1C7B6C03-481C-4BF9-A8D8-CAA16A6DE399,2023-11-30,3200.0000,4951200.0000,E1F519FD-1564-4E87-9790-6D9BF89D544E
890AB3BD-12F9-4057-8E6E-39EE11897F55,1C7B6C03-481C-4BF9-A8D8-CAA16A6DE399,2023-11-29,5500.0000,4948000.0000,E1F519FD-1564-4E87-9790-6D9BF89D544E
D81404C2-3DD2-47C1-9984-3F6D174937B8,1C7B6C03-481C-4BF9-A8D8-CAA16A6DE399,2023-11-28,4600.0000,4942500.0000,E1F519FD-1564-4E87-9790-6D9BF89D544E
6ED6B4AF-C54E-4D80-A800-EFE28F965FB0,1C7B6C03-481C-4BF9-A8D8-CAA16A6DE399,2023-11-27,4100.0000,4937900.0000,E1F519FD-1564-4E87-9790-6D9BF89D544E
93292725-977C-459D-A8CE-047CED341509,1C7B6C03-481C-4BF9-A8D8-CAA16A6DE399,2023-11-26,3000.0000,4933800.0000,E1F519FD-1564-4E87-9790-6D9BF89D544E
832F2CB9-94E0-48B3-961F-95C66474FF1D,1C7B6C03-481C-4BF9-A8D8-CAA16A6DE399,2023-11-25,3000.0000,4930800.0000,E1F519FD-1564-4E87-9790-6D9BF89D544E
36F8D751-43CC-4904-A12B-F00168A3C6CE,1C7B6C03-481C-4BF9-A8D8-CAA16A6DE399,2023-11-24,3900.0000,4927800.0000,E1F519FD-1564-4E87-9790-6D9BF89D544E
CFC452FB-6462-4B25-88D7-639170D37950,1C7B6C03-481C-4BF9-A8D8-CAA16A6DE399,2023-11-23,3600.0000,4923900.0000,E1F519FD-1564-4E87-9790-6D9BF89D544E
26771DDD-F89B-430D-B4BF-8FE15846B49E,1C7B6C03-481C-4BF9-A8D8-CAA16A6DE399,2023-11-22,3500.0000,4920300.0000,E1F519FD-1564-4E87-9790-6D9BF89D544E
464A6BB2-3503-4FE5-877A-06EBF4D68C37,1C7B6C03-481C-4BF9-A8D8-CAA16A6DE399,2023-11-21,4800.0000,4916800.0000,E1F519FD-1564-4E87-9790-6D9BF89D544E
6DF48AA1-B150-4B3A-AC96-A011935B3070,1C7B6C03-481C-4BF9-A8D8-CAA16A6DE399,2023-11-20,3800.0000,4912000.0000,E1F519FD-1564-4E87-9790-6D9BF89D544E
A57FB340-098B-4178-A254-A2A1DDEFCC29,1C7B6C03-481C-4BF9-A8D8-CAA16A6DE399,2023-11-19,3200.0000,4908200.0000,E1F519FD-1564-4E87-9790-6D9BF89D544E
4C47461C-C1BF-4410-AAEC-7542F610794C,1C7B6C03-481C-4BF9-A8D8-CAA16A6DE399,2023-11-18,2800.0000,4905000.0000,E1F519FD-1564-4E87-9790-6D9BF89D544E
CBF7161A-D300-4915-8C11-7233559B17FC,1C7B6C03-481C-4BF9-A8D8-CAA16A6DE399,2023-11-17,5000.0000,4902200.0000,E1F519FD-1564-4E87-9790-6D9BF89D544E
D0481EBF-1AA5-4804-8834-6B8FC57B4255,1C7B6C03-481C-4BF9-A8D8-CAA16A6DE399,2023-11-16,5100.0000,4897200.0000,E1F519FD-1564-4E87-9790-6D9BF89D544E
3B09776C-9088-4A86-9764-5BD66845CA73,1C7B6C03-481C-4BF9-A8D8-CAA16A6DE399,2023-11-15,4500.0000,4892100.0000,E1F519FD-1564-4E87-9790-6D9BF89D544E
B0DA33F2-5107-4A53-AFC1-5F7FBEC7E90D,1C7B6C03-481C-4BF9-A8D8-CAA16A6DE399,2023-11-14,4500.0000,4887600.0000,E1F519FD-1564-4E87-9790-6D9BF89D544E
1ECC6C1B-D68C-4476-8565-46A2D16E64B4,1C7B6C03-481C-4BF9-A8D8-CAA16A6DE399,2023-11-13,3600.0000,4883100.0000,E1F519FD-1564-4E87-9790-6D9BF89D544E
89F02837-2EA9-4CDA-B684-52BD0AE633EA,1C7B6C03-481C-4BF9-A8D8-CAA16A6DE399,2023-11-12,7000.0000,4879500.0000,E1F519FD-1564-4E87-9790-6D9BF89D544E
767FFD11-9877-4DEB-A033-3B645D9293F1,1C7B6C03-481C-4BF9-A8D8-CAA16A6DE399,2023-11-11,6700.0000,4872500.0000,E1F519FD-1564-4E87-9790-6D9BF89D544E
BC7B3205-F6FC-4FEC-86B7-EE6674BDC77D,1C7B6C03-481C-4BF9-A8D8-CAA16A6DE399,2023-11-10,7000.0000,4865800.0000,E1F519FD-1564-4E87-9790-6D9BF89D544E
CBC7084B-C806-4A19-8897-BF06C077F32A,1C7B6C03-481C-4BF9-A8D8-CAA16A6DE399,2023-11-09,4000.0000,4858800.0000,E1F519FD-1564-4E87-9790-6D9BF89D544E
01B3A68A-0B31-4EB7-BB2B-3D3BE4D6FDE7,1C7B6C03-481C-4BF9-A8D8-CAA16A6DE399,2023-11-08,6000.0000,4854800.0000,E1F519FD-1564-4E87-9790-6D9BF89D544E
B64EB998-79DE-4BE1-9557-69BCDA39651C,1C7B6C03-481C-4BF9-A8D8-CAA16A6DE399,2023-11-07,3400.0000,4848800.0000,E1F519FD-1564-4E87-9790-6D9BF89D544E
7D8ED779-76F9-44B8-BE2B-B850FC9AC229,1C7B6C03-481C-4BF9-A8D8-CAA16A6DE399,2023-11-06,5300.0000,4845400.0000,E1F519FD-1564-4E87-9790-6D9BF89D544E
319E800E-A0E6-490B-9C69-4115C791CF59,1C7B6C03-481C-4BF9-A8D8-CAA16A6DE399,2023-11-05,3300.0000,4840100.0000,E1F519FD-1564-4E87-9790-6D9BF89D544E
2DC553FE-7D0F-4E0B-A40C-01871732A275,1C7B6C03-481C-4BF9-A8D8-CAA16A6DE399,2023-11-04,3600.0000,4836800.0000,E1F519FD-1564-4E87-9790-6D9BF89D544E
48AEE1E7-3AD6-42CE-9A5F-4D9D522AF84A,1C7B6C03-481C-4BF9-A8D8-CAA16A6DE399,2023-11-03,3800.0000,4833200.0000,E1F519FD-1564-4E87-9790-6D9BF89D544E
7339A410-94C0-499E-AADF-469208071E74,1C7B6C03-481C-4BF9-A8D8-CAA16A6DE399,2023-11-02,4700.0000,4829400.0000,E1F519FD-1564-4E87-9790-6D9BF89D544E
C80B33AC-9160-4A20-9DC1-9A4D5B46486B,1C7B6C03-481C-4BF9-A8D8-CAA16A6DE399,2023-11-01,3900.0000,4824700.0000,E1F519FD-1564-4E87-9790-6D9BF89D544E
1A16F9D5-DB59-4431-A99E-48937F7C4BD7,1C7B6C03-481C-4BF9-A8D8-CAA16A6DE399,2023-10-31,5400.0000,4820800.0000,E1F519FD-1564-4E87-9790-6D9BF89D544E
51C6697A-FD12-4D4D-84E7-51677A991E55,1C7B6C03-481C-4BF9-A8D8-CAA16A6DE399,2023-10-30,4500.0000,4815400.0000,E1F519FD-1564-4E87-9790-6D9BF89D544E
95BABA61-6BB9-4BF0-91A7-E75735277689,1C7B6C03-481C-4BF9-A8D8-CAA16A6DE399,2023-10-29,5400.0000,4810900.0000,E1F519FD-1564-4E87-9790-6D9BF89D544E
CA95349E-CB7F-450D-A9B4-B74800B6E7C3,1C7B6C03-481C-4BF9-A8D8-CAA16A6DE399,2023-10-28,8100.0000,4805500.0000,E1F519FD-1564-4E87-9790-6D9BF89D544E
1F3FBD5D-CFD5-4D34-BFA5-4C8D63DD17FC,1C7B6C03-481C-4BF9-A8D8-CAA16A6DE399,2023-10-27,3700.0000,4797400.0000,E1F519FD-1564-4E87-9790-6D9BF89D544E
827CE6C3-3C1C-452A-AE8D-400B9EFE3DA8,1C7B6C03-481C-4BF9-A8D8-CAA16A6DE399,2023-10-26,3600.0000,4793700.0000,E1F519FD-1564-4E87-9790-6D9BF89D544E
9B2C7662-D478-4FC9-89E6-8D6A098AC746,1C7B6C03-481C-4BF9-A8D8-CAA16A6DE399,2023-10-25,4100.0000,4790100.0000,E1F519FD-1564-4E87-9790-6D9BF89D544E
898E4C95-3135-4045-9F57-D36D1E2ECD8C,1C7B6C03-481C-4BF9-A8D8-CAA16A6DE399,2023-10-24,4100.0000,4786000.0000,E1F519FD-1564-4E87-9790-6D9BF89D544E
57D338B4-BA5D-4654-B09B-C03D14FF8290,1C7B6C03-481C-4BF9-A8D8-CAA16A6DE399,2023-10-23,4100.0000,4781900.0000,E1F519FD-1564-4E87-9790-6D9BF89D544E
0BB53986-2AC7-45C4-BEA8-0836544C15B7,1C7B6C03-481C-4BF9-A8D8-CAA16A6DE399,2023-10-22,3400.0000,4777800.0000,E1F519FD-1564-4E87-9790-6D9BF89D544E
3A7D3C23-A548-43EC-BC96-3AD1D0795277,1C7B6C03-481C-4BF9-A8D8-CAA16A6DE399,2023-10-21,4900.0000,4774400.0000,E1F519FD-1564-4E87-9790-6D9BF89D544E
93333BCF-CB74-4447-B81A-BA1929162E76,1C7B6C03-481C-4BF9-A8D8-CAA16A6DE399,2023-10-20,4400.0000,4769500.0000,E1F519FD-1564-4E87-9790-6D9BF89D544E
9F377013-2B39-4F67-95AB-DCBBB7CAB9B8,1C7B6C03-481C-4BF9-A8D8-CAA16A6DE399,2023-10-19,4100.0000,4765100.0000,E1F519FD-1564-4E87-9790-6D9BF89D544E
CB61DF9C-35A3-43A1-A31E-18A762023683,1C7B6C03-481C-4BF9-A8D8-CAA16A6DE399,2023-10-18,3300.0000,4761000.0000,E1F519FD-1564-4E87-9790-6D9BF89D544E
3BB5A701-1C24-4E30-AA04-C9C554E0D0A1,1C7B6C03-481C-4BF9-A8D8-CAA16A6DE399,2023-10-17,5600.0000,4757700.0000,E1F519FD-1564-4E87-9790-6D9BF89D544E
381525A8-03B7-4F4C-9A70-AABEFFFD7638,1C7B6C03-481C-4BF9-A8D8-CAA16A6DE399,2023-10-16,4700.0000,4752100.0000,E1F519FD-1564-4E87-9790-6D9BF89D544E
6BAC3248-72FA-4E07-86F5-7B277245E076,1C7B6C03-481C-4BF9-A8D8-CAA16A6DE399,2023-10-15,5800.0000,4747400.0000,E1F519FD-1564-4E87-9790-6D9BF89D544E
22A9F10F-95ED-4954-8CA6-EC6077D0081D,1C7B6C03-481C-4BF9-A8D8-CAA16A6DE399,2023-10-14,3300.0000,4741600.0000,E1F519FD-1564-4E87-9790-6D9BF89D544E
B359E2E1-846B-4CD4-8A40-23C7A926AFB4,1C7B6C03-481C-4BF9-A8D8-CAA16A6DE399,2023-10-13,4100.0000,4738300.0000,E1F519FD-1564-4E87-9790-6D9BF89D544E
73ECB9E8-B75B-48FA-A329-79980B108EF8,1C7B6C03-481C-4BF9-A8D8-CAA16A6DE399,2023-10-12,3100.0000,4734200.0000,E1F519FD-1564-4E87-9790-6D9BF89D544E
8E11388B-CA26-4FAB-A22F-12B6A9619588,1C7B6C03-481C-4BF9-A8D8-CAA16A6DE399,2023-10-11,5800.0000,4731100.0000,E1F519FD-1564-4E87-9790-6D9BF89D544E
F48E6916-1764-4166-BA9E-F8A7B7E2ACA2,1C7B6C03-481C-4BF9-A8D8-CAA16A6DE399,2023-10-10,6400.0000,4725300.0000,E1F519FD-1564-4E87-9790-6D9BF89D544E
84718C22-1CB9-45FC-8C83-73CE24A0ED66,1C7B6C03-481C-4BF9-A8D8-CAA16A6DE399,2023-10-09,4600.0000,4718900.0000,E1F519FD-1564-4E87-9790-6D9BF89D544E
905AB91A-70C9-48A4-90BE-3CA2925BC20A,1C7B6C03-481C-4BF9-A8D8-CAA16A6DE399,2023-10-08,3800.0000,4714300.0000,E1F519FD-1564-4E87-9790-6D9BF89D544E
FABCDE18-C574-46C5-AD9F-9E7F94A68CDB,1C7B6C03-481C-4BF9-A8D8-CAA16A6DE399,2023-10-07,3400.0000,4710500.0000,E1F519FD-1564-4E87-9790-6D9BF89D544E
5553E7D6-8736-4707-AAF3-8FE7D7D78DC0,1C7B6C03-481C-4BF9-A8D8-CAA16A6DE399,2023-10-06,6800.0000,4707100.0000,E1F519FD-1564-4E87-9790-6D9BF89D544E
B369DC88-0DD4-401E-8A1E-304C40C4EE0D,1C7B6C03-481C-4BF9-A8D8-CAA16A6DE399,2023-10-05,2800.0000,4700300.0000,E1F519FD-1564-4E87-9790-6D9BF89D544E
0624B091-A5BB-4824-A48B-1AC66ECE352C,1C7B6C03-481C-4BF9-A8D8-CAA16A6DE399,2023-10-04,3600.0000,4697500.0000,E1F519FD-1564-4E87-9790-6D9BF89D544E
BED0643E-6CA5-4B03-A76B-1FF2127BE355,1C7B6C03-481C-4BF9-A8D8-CAA16A6DE399,2023-10-03,6300.0000,4693900.0000,E1F519FD-1564-4E87-9790-6D9BF89D544E
6E9580A5-D6AD-438A-AE43-69778D80454E,1C7B6C03-481C-4BF9-A8D8-CAA16A6DE399,2023-10-02,4700.0000,4687600.0000,E1F519FD-1564-4E87-9790-6D9BF89D544E
10687295-56C3-4D64-8A1B-4D2C26335FFF,1C7B6C03-481C-4BF9-A8D8-CAA16A6DE399,2023-10-01,3100.0000,4682900.0000,E1F519FD-1564-4E87-9790-6D9BF89D544E
D34A74E3-2795-451F-AEB6-CF3B4C94FFBF,1C7B6C03-481C-4BF9-A8D8-CAA16A6DE399,2023-09-30,3000.0000,4679800.0000,E1F519FD-1564-4E87-9790-6D9BF89D544E
DC2415A7-D3C4-4EED-978D-D7AE22733FF2,1C7B6C03-481C-4BF9-A8D8-CAA16A6DE399,2023-09-29,5800.0000,4676800.0000,E1F519FD-1564-4E87-9790-6D9BF89D544E
5819F81C-5970-4F3C-BBAA-CAC258894411,1C7B6C03-481C-4BF9-A8D8-CAA16A6DE399,2023-09-28,5700.0000,4671000.0000,E1F519FD-1564-4E87-9790-6D9BF89D544E
7A2C4193-A7A0-4664-9B7B-BF284946373D,1C7B6C03-481C-4BF9-A8D8-CAA16A6DE399,2023-09-27,4600.0000,4665300.0000,E1F519FD-1564-4E87-9790-6D9BF89D544E
F5D8AA69-D735-4CD6-918D-E8D7E748AB03,1C7B6C03-481C-4BF9-A8D8-CAA16A6DE399,2023-09-26,3500.0000,4660700.0000,E1F519FD-1564-4E87-9790-6D9BF89D544E
2A3CE9DF-3DB5-4CFE-8F97-E7BE928D06DC,1C7B6C03-481C-4BF9-A8D8-CAA16A6DE399,2023-09-25,4800.0000,4657200.0000,E1F519FD-1564-4E87-9790-6D9BF89D544E
3F9C8CED-F469-4EF8-A23A-4AFD7E1AE0E0,1C7B6C03-481C-4BF9-A8D8-CAA16A6DE399,2023-09-24,3300.0000,4652400.0000,E1F519FD-1564-4E87-9790-6D9BF89D544E
A32325F0-5AB8-48D6-AB1F-7F1DDBA84696,1C7B6C03-481C-4BF9-A8D8-CAA16A6DE399,2023-09-23,2900.0000,4649100.0000,E1F519FD-1564-4E87-9790-6D9BF89D544E
842CF581-4D67-42E1-823E-1B0285DD9F19,1C7B6C03-481C-4BF9-A8D8-CAA16A6DE399,2023-09-22,4600.0000,4646200.0000,E1F519FD-1564-4E87-9790-6D9BF89D544E
BD16C2C6-F92E-4BED-A3CC-2F9C31CF8534,1C7B6C03-481C-4BF9-A8D8-CAA16A6DE399,2023-09-21,3700.0000,4641600.0000,E1F519FD-1564-4E87-9790-6D9BF89D544E
5E1095EF-D7F2-41D3-964A-B3532500CA94,1C7B6C03-481C-4BF9-A8D8-CAA16A6DE399,2023-09-20,3700.0000,4637900.0000,E1F519FD-1564-4E87-9790-6D9BF89D544E
439F04CF-7466-458D-8225-1DFD8A78383F,1C7B6C03-481C-4BF9-A8D8-CAA16A6DE399,2023-09-19,4900.0000,4634200.0000,E1F519FD-1564-4E87-9790-6D9BF89D544E
3CDE40B9-AB9A-4936-9FBA-6D865CA961E6,1C7B6C03-481C-4BF9-A8D8-CAA16A6DE399,2023-09-18,5400.0000,4629300.0000,E1F519FD-1564-4E87-9790-6D9BF89D544E
4F09515A-803A-491D-99E3-434BC8D8BCFC,1C7B6C03-481C-4BF9-A8D8-CAA16A6DE399,2023-09-17,8800.0000,4623900.0000,E1F519FD-1564-4E87-9790-6D9BF89D544E
B4CF8C5E-56B5-4338-B9C2-5E7F5DA58929,1C7B6C03-481C-4BF9-A8D8-CAA16A6DE399,2023-09-16,4800.0000,4615100.0000,E1F519FD-1564-4E87-9790-6D9BF89D544E
16D08DD6-1146-42B5-800E-F0BA9E668E9F,1C7B6C03-481C-4BF9-A8D8-CAA16A6DE399,2023-09-15,4900.0000,4610300.0000,E1F519FD-1564-4E87-9790-6D9BF89D544E
17FC3872-CA8A-487E-AFB1-67806B84BCF9,1C7B6C03-481C-4BF9-A8D8-CAA16A6DE399,2023-09-14,4900.0000,4605400.0000,E1F519FD-1564-4E87-9790-6D9BF89D544E
1FDEF602-B872-40EE-8F28-B615F52931C6,1C7B6C03-481C-4BF9-A8D8-CAA16A6DE399,2023-09-13,4300.0000,4600500.0000,E1F519FD-1564-4E87-9790-6D9BF89D544E
EF7ACA5D-6435-428F-98BD-14B7A06D4500,1C7B6C03-481C-4BF9-A8D8-CAA16A6DE399,2023-09-12,5200.0000,4596200.0000,E1F519FD-1564-4E87-9790-6D9BF89D544E
353A0BDE-EFCE-46EF-BE33-7FEDA70601A2,1C7B6C03-481C-4BF9-A8D8-CAA16A6DE399,2023-09-11,5600.0000,4591000.0000,E1F519FD-1564-4E87-9790-6D9BF89D544E
7DC41AED-EDD2-44E9-8A7D-E44EF5E3DA76,1C7B6C03-481C-4BF9-A8D8-CAA16A6DE399,2023-09-10,6000.0000,4585400.0000,E1F519FD-1564-4E87-9790-6D9BF89D544E
96E454D9-3D3D-4180-BFE3-DE6E8EA22E68,1C7B6C03-481C-4BF9-A8D8-CAA16A6DE399,2023-09-09,4200.0000,4579400.0000,E1F519FD-1564-4E87-9790-6D9BF89D544E
699779C5-CE93-49B7-B969-751EB5306CC9,1C7B6C03-481C-4BF9-A8D8-CAA16A6DE399,2023-09-08,5000.0000,4575200.0000,E1F519FD-1564-4E87-9790-6D9BF89D544E
71D3AA98-187E-4086-9CD0-8FFA76E70673,1C7B6C03-481C-4BF9-A8D8-CAA16A6DE399,2023-09-07,4000.0000,4570200.0000,E1F519FD-1564-4E87-9790-6D9BF89D544E
15C140F6-48C5-491F-AFFA-C052DE80BC90,1C7B6C03-481C-4BF9-A8D8-CAA16A6DE399,2023-09-06,4300.0000,4566200.0000,E1F519FD-1564-4E87-9790-6D9BF89D544E
852BDBA2-ED0B-4E9B-8C10-241040FAECA6,1C7B6C03-481C-4BF9-A8D8-CAA16A6DE399,2023-09-05,3700.0000,4561900.0000,E1F519FD-1564-4E87-9790-6D9BF89D544E
CE4D7562-B630-446F-92D6-916AB8E4CBFD,1C7B6C03-481C-4BF9-A8D8-CAA16A6DE399,2023-09-04,5400.0000,4558200.0000,E1F519FD-1564-4E87-9790-6D9BF89D544E
E8AE0794-FD79-45B9-BE9C-68C6A897656A,1C7B6C03-481C-4BF9-A8D8-CAA16A6DE399,2023-09-03,4500.0000,4552800.0000,E1F519FD-1564-4E87-9790-6D9BF89D544E
0FB231F3-CBC0-4E7D-A23B-D6538658014F,1C7B6C03-481C-4BF9-A8D8-CAA16A6DE399,2023-09-02,3600.0000,4548300.0000,E1F519FD-1564-4E87-9790-6D9BF89D544E
F8DA0B82-B51C-4989-A8C5-DFCF1993273E,1C7B6C03-481C-4BF9-A8D8-CAA16A6DE399,2023-09-01,3700.0000,4544700.0000,E1F519FD-1564-4E87-9790-6D9BF89D544E
89FE9EF0-A921-48CA-9485-5BD0B045188D,1C7B6C03-481C-4BF9-A8D8-CAA16A6DE399,2023-08-31,7900.0000,4541000.0000,E1F519FD-1564-4E87-9790-6D9BF89D544E
A306A05A-B6D0-44B9-AA99-1813B792D149,1C7B6C03-481C-4BF9-A8D8-CAA16A6DE399,2023-08-30,8000.0000,4533100.0000,E1F519FD-1564-4E87-9790-6D9BF89D544E
D8178C8E-3C8C-4409-930A-593D59AD933F,1C7B6C03-481C-4BF9-A8D8-CAA16A6DE399,2023-08-29,4100.0000,4525100.0000,E1F519FD-1564-4E87-9790-6D9BF89D544E
056E4746-F21D-4A85-A793-DE9DB07E7713,1C7B6C03-481C-4BF9-A8D8-CAA16A6DE399,2023-08-28,5100.0000,4521000.0000,E1F519FD-1564-4E87-9790-6D9BF89D544E
512E9B95-BEDA-4E9B-8905-692A4CA319E9,1C7B6C03-481C-4BF9-A8D8-CAA16A6DE399,2023-08-27,3900.0000,4515900.0000,E1F519FD-1564-4E87-9790-6D9BF89D544E
65AD671F-C886-4370-B934-3666D4528D0A,1C7B6C03-481C-4BF9-A8D8-CAA16A6DE399,2023-08-26,3600.0000,4512000.0000,E1F519FD-1564-4E87-9790-6D9BF89D544E
8C4A9A7B-5408-4A79-BF9D-E27CFE051B53,1C7B6C03-481C-4BF9-A8D8-CAA16A6DE399,2023-08-25,7300.0000,4508400.0000,E1F519FD-1564-4E87-9790-6D9BF89D544E
A0DFD700-DE85-4CE8-A07C-A76437429F67,1C7B6C03-481C-4BF9-A8D8-CAA16A6DE399,2023-08-24,3200.0000,4501100.0000,E1F519FD-1564-4E87-9790-6D9BF89D544E
C2627BFC-9510-46A9-8C92-D8A2F06D807F,1C7B6C03-481C-4BF9-A8D8-CAA16A6DE399,2023-08-23,5300.0000,4497900.0000,E1F519FD-1564-4E87-9790-6D9BF89D544E
2AF1EE35-DC80-44E8-BB8A-BDFCD7A0F2CB,1C7B6C03-481C-4BF9-A8D8-CAA16A6DE399,2023-08-22,5100.0000,4492600.0000,E1F519FD-1564-4E87-9790-6D9BF89D544E
ED00CA7D-8477-44A2-9F6A-77B54F936A45,1C7B6C03-481C-4BF9-A8D8-CAA16A6DE399,2023-08-21,6900.0000,4487500.0000,E1F519FD-1564-4E87-9790-6D9BF89D544E
E2806704-E50D-4CAB-BBA5-7AE5EBE19BC2,1C7B6C03-481C-4BF9-A8D8-CAA16A6DE399,2023-08-20,3800.0000,4480600.0000,E1F519FD-1564-4E87-9790-6D9BF89D544E
9B80384E-49B6-4D41-8E81-735D48A37D37,1C7B6C03-481C-4BF9-A8D8-CAA16A6DE399,2023-08-19,3300.0000,4476800.0000,E1F519FD-1564-4E87-9790-6D9BF89D544E
3F4C4989-D66B-4D93-B7F0-14EE5BE162C6,1C7B6C03-481C-4BF9-A8D8-CAA16A6DE399,2023-08-18,5200.0000,4473500.0000,E1F519FD-1564-4E87-9790-6D9BF89D544E
BE440A11-AE21-4507-97BE-C30A15AF40E7,1C7B6C03-481C-4BF9-A8D8-CAA16A6DE399,2023-08-17,3800.0000,4468300.0000,E1F519FD-1564-4E87-9790-6D9BF89D544E
314F9526-DB02-49E9-A005-FF29D7FC1D72,1C7B6C03-481C-4BF9-A8D8-CAA16A6DE399,2023-08-16,4100.0000,4464500.0000,E1F519FD-1564-4E87-9790-6D9BF89D544E
0CEC8469-43E1-45D0-8B10-4B80F42197CB,1C7B6C03-481C-4BF9-A8D8-CAA16A6DE399,2023-08-15,4200.0000,4460400.0000,E1F519FD-1564-4E87-9790-6D9BF89D544E
ED8100E9-343E-4780-8428-ACB114BFBEA4,1C7B6C03-481C-4BF9-A8D8-CAA16A6DE399,2023-08-14,4000.0000,4456200.0000,E1F519FD-1564-4E87-9790-6D9BF89D544E
AEC049F6-D40C-4078-B7DB-2E05A0B68309,1C7B6C03-481C-4BF9-A8D8-CAA16A6DE399,2023-08-13,5700.0000,4452200.0000,E1F519FD-1564-4E87-9790-6D9BF89D544E
B2BB3CF0-0ACB-46C3-9912-2D4805108ED5,1C7B6C03-481C-4BF9-A8D8-CAA16A6DE399,2023-08-12,3200.0000,4446500.0000,E1F519FD-1564-4E87-9790-6D9BF89D544E
5AD3EE45-BCC0-471A-A399-0CA1874C6585,1C7B6C03-481C-4BF9-A8D8-CAA16A6DE399,2023-08-11,3300.0000,4443300.0000,E1F519FD-1564-4E87-9790-6D9BF89D544E
CAD0BED2-4725-403C-B1EA-7E7624B33924,1C7B6C03-481C-4BF9-A8D8-CAA16A6DE399,2023-08-10,3800.0000,4440000.0000,E1F519FD-1564-4E87-9790-6D9BF89D544E
F21D84D0-C5C1-4E46-AECE-A1BE694E5348,1C7B6C03-481C-4BF9-A8D8-CAA16A6DE399,2023-08-09,2800.0000,4436200.0000,E1F519FD-1564-4E87-9790-6D9BF89D544E
4D6583B2-040D-4789-8F27-D451D24A41D9,1C7B6C03-481C-4BF9-A8D8-CAA16A6DE399,2023-08-08,2800.0000,4433400.0000,E1F519FD-1564-4E87-9790-6D9BF89D544E
ECC1350E-77BA-4376-878A-A934F65A1040,1C7B6C03-481C-4BF9-A8D8-CAA16A6DE399,2023-08-07,1900.0000,4430600.0000,E1F519FD-1564-4E87-9790-6D9BF89D544E
BC532C15-FB8F-4F65-BBC3-EAF282A3D5E5,1C7B6C03-481C-4BF9-A8D8-CAA16A6DE399,2023-08-06,1800.0000,4428700.0000,E1F519FD-1564-4E87-9790-6D9BF89D544E
8F223D94-D09D-4CDB-B68B-5148FF267CAF,1C7B6C03-481C-4BF9-A8D8-CAA16A6DE399,2023-08-05,1900.0000,4426900.0000,E1F519FD-1564-4E87-9790-6D9BF89D544E
6F26925A-5E98-455E-B57A-EA00EB472FB4,1C7B6C03-481C-4BF9-A8D8-CAA16A6DE399,2023-08-04,1800.0000,4425000.0000,E1F519FD-1564-4E87-9790-6D9BF89D544E
2F8AA8BF-0033-4D71-8D6C-9B7604E5A739,1C7B6C03-481C-4BF9-A8D8-CAA16A6DE399,2023-08-03,1800.0000,4423200.0000,E1F519FD-1564-4E87-9790-6D9BF89D544E
6A1B67EF-1843-41E1-A7DF-91BF9E0C1A4E,1C7B6C03-481C-4BF9-A8D8-CAA16A6DE399,2023-08-02,1900.0000,4421400.0000,E1F519FD-1564-4E87-9790-6D9BF89D544E
B667412A-6FB6-450A-9510-2898BF88221E,1C7B6C03-481C-4BF9-A8D8-CAA16A6DE399,2023-08-01,1700.0000,4419500.0000,E1F519FD-1564-4E87-9790-6D9BF89D544E
392BB346-F14C-4F07-A152-2B261AA21D9C,1C7B6C03-481C-4BF9-A8D8-CAA16A6DE399,2023-07-31,1900.0000,4417800.0000,E1F519FD-1564-4E87-9790-6D9BF89D544E
AF8078C2-200F-4EB5-923E-5F8008094EAE,1C7B6C03-481C-4BF9-A8D8-CAA16A6DE399,2023-07-30,1800.0000,4415900.0000,E1F519FD-1564-4E87-9790-6D9BF89D544E
33F31FCF-F845-4F76-A451-68B934C51020,1C7B6C03-481C-4BF9-A8D8-CAA16A6DE399,2023-07-29,1900.0000,4414100.0000,E1F519FD-1564-4E87-9790-6D9BF89D544E
262FBCCB-3349-4643-953F-016A3DA9353C,1C7B6C03-481C-4BF9-A8D8-CAA16A6DE399,2023-07-28,1800.0000,4412200.0000,E1F519FD-1564-4E87-9790-6D9BF89D544E
4926A38D-DE8E-423F-9432-1543E538DC8B,1C7B6C03-481C-4BF9-A8D8-CAA16A6DE399,2023-07-27,2400.0000,4410400.0000,E1F519FD-1564-4E87-9790-6D9BF89D544E
E7BDF5EF-D9D2-4603-A463-56F5ABB4D280,1C7B6C03-481C-4BF9-A8D8-CAA16A6DE399,2023-07-26,1800.0000,4408000.0000,E1F519FD-1564-4E87-9790-6D9BF89D544E
A5935A23-E0BC-4B67-AEB4-B7C06B86ED6E,1C7B6C03-481C-4BF9-A8D8-CAA16A6DE399,2023-07-25,1800.0000,4406200.0000,E1F519FD-1564-4E87-9790-6D9BF89D544E
B8158125-CA99-4562-8C32-D2954FF89EE2,1C7B6C03-481C-4BF9-A8D8-CAA16A6DE399,2023-07-24,1900.0000,4404400.0000,E1F519FD-1564-4E87-9790-6D9BF89D544E
638F395F-A16E-43AA-B799-1AD39D5573AA,1C7B6C03-481C-4BF9-A8D8-CAA16A6DE399,2023-07-23,1600.0000,4402500.0000,E1F519FD-1564-4E87-9790-6D9BF89D544E
681C117E-4D63-402C-A293-6056F5EF2320,1C7B6C03-481C-4BF9-A8D8-CAA16A6DE399,2023-07-22,1800.0000,4400900.0000,E1F519FD-1564-4E87-9790-6D9BF89D544E
AA0C7BBB-AE99-4893-92D5-0D963FE2040F,1C7B6C03-481C-4BF9-A8D8-CAA16A6DE399,2023-07-21,1700.0000,4399100.0000,E1F519FD-1564-4E87-9790-6D9BF89D544E
65A5DD82-D5C7-47D9-8186-C46748B2403C,1C7B6C03-481C-4BF9-A8D8-CAA16A6DE399,2023-07-20,1800.0000,4397400.0000,E1F519FD-1564-4E87-9790-6D9BF89D544E
6F6A8EE2-21B5-4C4C-8A5B-9107A986A3BB,1C7B6C03-481C-4BF9-A8D8-CAA16A6DE399,2023-07-19,1700.0000,4395600.0000,E1F519FD-1564-4E87-9790-6D9BF89D544E
34ADDB93-A087-40A1-A57D-6CC532383582,1C7B6C03-481C-4BF9-A8D8-CAA16A6DE399,2023-07-18,1800.0000,4393900.0000,E1F519FD-1564-4E87-9790-6D9BF89D544E
9A54BC28-D7AA-4D1F-892F-2F60943F5D16,1C7B6C03-481C-4BF9-A8D8-CAA16A6DE399,2023-07-17,1700.0000,4392100.0000,E1F519FD-1564-4E87-9790-6D9BF89D544E
022D0688-0B28-42B2-B616-6BC5295D83A1,1C7B6C03-481C-4BF9-A8D8-CAA16A6DE399,2023-07-16,1800.0000,4390400.0000,E1F519FD-1564-4E87-9790-6D9BF89D544E
8ADC5A1B-0DEB-42E4-A787-E5E48A10849A,1C7B6C03-481C-4BF9-A8D8-CAA16A6DE399,2023-07-15,1600.0000,4388600.0000,E1F519FD-1564-4E87-9790-6D9BF89D544E
C794AEA9-712D-4CDB-804D-8FEAD624736F,1C7B6C03-481C-4BF9-A8D8-CAA16A6DE399,2023-07-14,1800.0000,4387000.0000,E1F519FD-1564-4E87-9790-6D9BF89D544E
52C18E3C-AACC-4758-A71C-197C14ACA690,1C7B6C03-481C-4BF9-A8D8-CAA16A6DE399,2023-07-13,1700.0000,4385200.0000,E1F519FD-1564-4E87-9790-6D9BF89D544E
A1D8564F-1315-4C9F-91EB-1C8417F004BB,1C7B6C03-481C-4BF9-A8D8-CAA16A6DE399,2023-07-12,1800.0000,4383500.0000,E1F519FD-1564-4E87-9790-6D9BF89D544E
94F7495E-6A4C-41A3-9E18-F04EB3EAAE79,1C7B6C03-481C-4BF9-A8D8-CAA16A6DE399,2023-07-11,1700.0000,4381700.0000,E1F519FD-1564-4E87-9790-6D9BF89D544E
4D08BD64-F70F-4597-825C-AC66B70DF765,1C7B6C03-481C-4BF9-A8D8-CAA16A6DE399,2023-07-10,1800.0000,4380000.0000,E1F519FD-1564-4E87-9790-6D9BF89D544E
F8A0517C-10D9-434C-B0ED-452409CB39FC,1C7B6C03-481C-4BF9-A8D8-CAA16A6DE399,2023-07-09,1700.0000,4378200.0000,E1F519FD-1564-4E87-9790-6D9BF89D544E
431CBDB8-5EC6-4F62-9991-AA06F86A9CCF,1C7B6C03-481C-4BF9-A8D8-CAA16A6DE399,2023-07-08,1800.0000,4376500.0000,E1F519FD-1564-4E87-9790-6D9BF89D544E
03692197-6914-473A-B9AE-DB61747860E1,1C7B6C03-481C-4BF9-A8D8-CAA16A6DE399,2023-07-07,1700.0000,4374700.0000,E1F519FD-1564-4E87-9790-6D9BF89D544E
30BBA70E-3273-4E7A-AD76-82300433A553,1C7B6C03-481C-4BF9-A8D8-CAA16A6DE399,2023-07-06,1700.0000,4373000.0000,E1F519FD-1564-4E87-9790-6D9BF89D544E
38CD67FB-95DD-42C5-9298-A08E8314C332,1C7B6C03-481C-4BF9-A8D8-CAA16A6DE399,2023-07-05,1700.0000,4371300.0000,E1F519FD-1564-4E87-9790-6D9BF89D544E
2BEABA97-F9E7-4CDC-B7CF-90EF10A4ECD2,1C7B6C03-481C-4BF9-A8D8-CAA16A6DE399,2023-07-04,1800.0000,4369600.0000,E1F519FD-1564-4E87-9790-6D9BF89D544E
4CF0CEDB-CF1C-461E-B2FF-DC581BEEDE47,1C7B6C03-481C-4BF9-A8D8-CAA16A6DE399,2023-07-03,1700.0000,4367800.0000,E1F519FD-1564-4E87-9790-6D9BF89D544E
BE2909AA-76C3-448C-8C63-596CDAFF2D86,1C7B6C03-481C-4BF9-A8D8-CAA16A6DE399,2023-07-02,1800.0000,4366100.0000,E1F519FD-1564-4E87-9790-6D9BF89D544E
3473F402-1480-49D4-9DD7-A41BA00A659F,1C7B6C03-481C-4BF9-A8D8-CAA16A6DE399,2023-07-01,1800.0000,4364300.0000,E1F519FD-1564-4E87-9790-6D9BF89D544E
6B82EEBD-CAD3-4E1F-BFAB-1B34F90EA871,1C7B6C03-481C-4BF9-A8D8-CAA16A6DE399,2023-06-30,1700.0000,4362500.0000,E1F519FD-1564-4E87-9790-6D9BF89D544E
61344A5C-71C6-42E4-A278-380F170FB9CB,1C7B6C03-481C-4BF9-A8D8-CAA16A6DE399,2023-06-29,1700.0000,4360800.0000,E1F519FD-1564-4E87-9790-6D9BF89D544E
F7B3277D-60A7-4F22-BC64-E6B097CCBFAF,1C7B6C03-481C-4BF9-A8D8-CAA16A6DE399,2023-06-28,1700.0000,4359100.0000,E1F519FD-1564-4E87-9790-6D9BF89D544E
6998BE56-E062-4CDA-BE98-44749CB3F164,1C7B6C03-481C-4BF9-A8D8-CAA16A6DE399,2023-06-27,1700.0000,4357400.0000,E1F519FD-1564-4E87-9790-6D9BF89D544E
DE0BE9E3-EFE3-4642-ABFF-01A640022B5C,1C7B6C03-481C-4BF9-A8D8-CAA16A6DE399,2023-06-26,1800.0000,4355700.0000,E1F519FD-1564-4E87-9790-6D9BF89D544E
15A29FAB-4DF7-4637-99BA-1B99B6B0B065,1C7B6C03-481C-4BF9-A8D8-CAA16A6DE399,2023-06-25,1700.0000,4353900.0000,E1F519FD-1564-4E87-9790-6D9BF89D544E
9295F5C6-DA98-489D-B8FB-41B734D92BD3,1C7B6C03-481C-4BF9-A8D8-CAA16A6DE399,2023-06-24,1800.0000,4352200.0000,E1F519FD-1564-4E87-9790-6D9BF89D544E
8038C0D5-467F-43E5-B156-E5D24FFBE40C,1C7B6C03-481C-4BF9-A8D8-CAA16A6DE399,2023-06-23,1700.0000,4350400.0000,E1F519FD-1564-4E87-9790-6D9BF89D544E
1FACD2ED-96CD-41E3-A994-FB847B2229B8,1C7B6C03-481C-4BF9-A8D8-CAA16A6DE399,2023-06-22,1700.0000,4348700.0000,E1F519FD-1564-4E87-9790-6D9BF89D544E
E595C331-7A98-4B16-904F-5EB9608D609D,1C7B6C03-481C-4BF9-A8D8-CAA16A6DE399,2023-06-21,1700.0000,4347000.0000,E1F519FD-1564-4E87-9790-6D9BF89D544E
75CE6184-2158-4570-ABE6-0089A6B41E2C,1C7B6C03-481C-4BF9-A8D8-CAA16A6DE399,2023-06-20,1800.0000,4345300.0000,E1F519FD-1564-4E87-9790-6D9BF89D544E
1B82B378-F7AC-44C6-8EC7-423E1C68C6BB,1C7B6C03-481C-4BF9-A8D8-CAA16A6DE399,2023-06-19,1200.0000,4343500.0000,E1F519FD-1564-4E87-9790-6D9BF89D544E
3AADA4BE-0041-487B-AB7E-2180851C933B,1C7B6C03-481C-4BF9-A8D8-CAA16A6DE399,2023-06-18,1300.0000,4342300.0000,E1F519FD-1564-4E87-9790-6D9BF89D544E
F502E339-E0F2-47DE-A7C2-F5BC47F66FA4,1C7B6C03-481C-4BF9-A8D8-CAA16A6DE399,2023-06-17,1200.0000,4341000.0000,E1F519FD-1564-4E87-9790-6D9BF89D544E
030AEE21-0349-48D7-95CA-7A8D0FC17A47,1C7B6C03-481C-4BF9-A8D8-CAA16A6DE399,2023-06-16,1300.0000,4339800.0000,E1F519FD-1564-4E87-9790-6D9BF89D544E
4D968241-78CA-4B4E-B2CC-83C5C77A7C30,1C7B6C03-481C-4BF9-A8D8-CAA16A6DE399,2023-06-15,1400.0000,4338500.0000,E1F519FD-1564-4E87-9790-6D9BF89D544E
B1D5EA6D-DCAF-4576-9EFE-25F0E90A5A68,1C7B6C03-481C-4BF9-A8D8-CAA16A6DE399,2023-06-14,1200.0000,4337100.0000,E1F519FD-1564-4E87-9790-6D9BF89D544E
415CF2E0-3503-4F04-B4AE-A52FAEA41E33,1C7B6C03-481C-4BF9-A8D8-CAA16A6DE399,2023-06-13,1400.0000,4335900.0000,E1F519FD-1564-4E87-9790-6D9BF89D544E
F8790E96-4798-4C5A-AEAD-F983B6C74666,1C7B6C03-481C-4BF9-A8D8-CAA16A6DE399,2023-06-12,1500.0000,4334500.0000,E1F519FD-1564-4E87-9790-6D9BF89D544E
390B5928-4E73-416B-AA1C-E31967F8C42B,1C7B6C03-481C-4BF9-A8D8-CAA16A6DE399,2023-06-11,1500.0000,4333000.0000,E1F519FD-1564-4E87-9790-6D9BF89D544E
44F1CA05-24B0-4011-8462-5E1C58C26132,1C7B6C03-481C-4BF9-A8D8-CAA16A6DE399,2023-06-10,1600.0000,4331500.0000,E1F519FD-1564-4E87-9790-6D9BF89D544E
1916189B-8EC9-4A11-B9C8-9DE4C011999A,1C7B6C03-481C-4BF9-A8D8-CAA16A6DE399,2023-06-09,1400.0000,4329900.0000,E1F519FD-1564-4E87-9790-6D9BF89D544E
FCF32E97-7320-40C8-AFA4-7DAB1969A0F2,1C7B6C03-481C-4BF9-A8D8-CAA16A6DE399,2023-06-08,1500.0000,4328500.0000,E1F519FD-1564-4E87-9790-6D9BF89D544E
01BC6DC1-4086-401E-A8F2-8C888E484684,1C7B6C03-481C-4BF9-A8D8-CAA16A6DE399,2023-06-07,3100.0000,4327000.0000,E1F519FD-1564-4E87-9790-6D9BF89D544E
E976EBB9-4DD0-4C4A-910E-87EA54E37E9C,1C7B6C03-481C-4BF9-A8D8-CAA16A6DE399,2023-06-06,2600.0000,4323900.0000,E1F519FD-1564-4E87-9790-6D9BF89D544E
50633475-24EE-4B3C-A958-5892884E6E00,1C7B6C03-481C-4BF9-A8D8-CAA16A6DE399,2023-06-05,3400.0000,4321300.0000,E1F519FD-1564-4E87-9790-6D9BF89D544E
89ADAFBB-370B-4542-8024-F51449AFA27C,1C7B6C03-481C-4BF9-A8D8-CAA16A6DE399,2023-06-04,6700.0000,4317900.0000,E1F519FD-1564-4E87-9790-6D9BF89D544E
5FE8932E-63FB-42AB-93FF-1083E222506D,1C7B6C03-481C-4BF9-A8D8-CAA16A6DE399,2023-06-03,3700.0000,4311200.0000,E1F519FD-1564-4E87-9790-6D9BF89D544E
9B9CCCA5-5145-4425-8A58-6529938169AC,1C7B6C03-481C-4BF9-A8D8-CAA16A6DE399,2023-06-02,4000.0000,4307500.0000,E1F519FD-1564-4E87-9790-6D9BF89D544E
1BCE5A45-5C06-4FBB-891E-FADE504DF4E3,1C7B6C03-481C-4BF9-A8D8-CAA16A6DE399,2023-06-01,4800.0000,4303500.0000,E1F519FD-1564-4E87-9790-6D9BF89D544E
72D1D183-604D-4290-824A-4C9E84192023,1C7B6C03-481C-4BF9-A8D8-CAA16A6DE399,2023-05-31,6800.0000,4298700.0000,E1F519FD-1564-4E87-9790-6D9BF89D544E
6B607901-FD2D-4B49-B05C-A9870061BE91,1C7B6C03-481C-4BF9-A8D8-CAA16A6DE399,2023-05-30,4800.0000,4291900.0000,E1F519FD-1564-4E87-9790-6D9BF89D544E
3C5550AB-4222-4630-9C8D-B129F4220AA6,1C7B6C03-481C-4BF9-A8D8-CAA16A6DE399,2023-05-29,7400.0000,4287100.0000,E1F519FD-1564-4E87-9790-6D9BF89D544E
CFD5742F-F51D-4820-AB99-E9FC61ECB7D6,1C7B6C03-481C-4BF9-A8D8-CAA16A6DE399,2023-05-28,4400.0000,4279700.0000,E1F519FD-1564-4E87-9790-6D9BF89D544E
94A930B3-72C4-4896-A876-2578E4409F3A,1C7B6C03-481C-4BF9-A8D8-CAA16A6DE399,2023-05-27,5100.0000,4275300.0000,E1F519FD-1564-4E87-9790-6D9BF89D544E
2193A8EA-B01E-49FA-B92B-77DB9054473C,1C7B6C03-481C-4BF9-A8D8-CAA16A6DE399,2023-05-26,4600.0000,4270200.0000,E1F519FD-1564-4E87-9790-6D9BF89D544E
ACC28BD5-BBCC-4922-9CF2-12B0C8607C5F,1C7B6C03-481C-4BF9-A8D8-CAA16A6DE399,2023-05-25,6900.0000,4265600.0000,E1F519FD-1564-4E87-9790-6D9BF89D544E
7F3E0C00-5C2B-4A3C-B1ED-52E9BB8F8B28,1C7B6C03-481C-4BF9-A8D8-CAA16A6DE399,2023-05-24,4000.0000,4258700.0000,E1F519FD-1564-4E87-9790-6D9BF89D544E
B72119A2-F068-41E0-8C54-76053771116A,1C7B6C03-481C-4BF9-A8D8-CAA16A6DE399,2023-05-23,4900.0000,4254700.0000,E1F519FD-1564-4E87-9790-6D9BF89D544E
4E313678-C306-4B65-812F-21637F77FB36,1C7B6C03-481C-4BF9-A8D8-CAA16A6DE399,2023-05-22,5300.0000,4249800.0000,E1F519FD-1564-4E87-9790-6D9BF89D544E
A0164331-982D-48FF-8D31-20DCC3052B4C,1C7B6C03-481C-4BF9-A8D8-CAA16A6DE399,2023-05-21,5700.0000,4244500.0000,E1F519FD-1564-4E87-9790-6D9BF89D544E
9F38EC39-8DBA-4929-B4AD-86431340B6B1,1C7B6C03-481C-4BF9-A8D8-CAA16A6DE399,2023-05-20,5900.0000,4238800.0000,E1F519FD-1564-4E87-9790-6D9BF89D544E
CEBE7C3D-F949-4CE4-9F15-C84A262E5BBA,1C7B6C03-481C-4BF9-A8D8-CAA16A6DE399,2023-05-19,6500.0000,4232900.0000,E1F519FD-1564-4E87-9790-6D9BF89D544E
6BF9920C-82D8-4DE0-BD71-267A0AD84705,1C7B6C03-481C-4BF9-A8D8-CAA16A6DE399,2023-05-18,4700.0000,4226400.0000,E1F519FD-1564-4E87-9790-6D9BF89D544E
D547416D-B4C6-477A-A5B3-A826D376E0CE,1C7B6C03-481C-4BF9-A8D8-CAA16A6DE399,2023-05-17,5200.0000,4221700.0000,E1F519FD-1564-4E87-9790-6D9BF89D544E
B88AA37E-9F24-428B-BF5A-79E339B19D03,1C7B6C03-481C-4BF9-A8D8-CAA16A6DE399,2023-05-16,4800.0000,4216500.0000,E1F519FD-1564-4E87-9790-6D9BF89D544E
7A8C7FDE-A664-4653-8FEC-0602B0FE2831,1C7B6C03-481C-4BF9-A8D8-CAA16A6DE399,2023-05-15,2700.0000,4211700.0000,E1F519FD-1564-4E87-9790-6D9BF89D544E
DB318F70-9EE1-4B87-9A5D-30625A5BAA95,1C7B6C03-481C-4BF9-A8D8-CAA16A6DE399,2023-05-14,2900.0000,4209000.0000,E1F519FD-1564-4E87-9790-6D9BF89D544E
1279E8BD-1E7B-4851-AEF9-959F845793F4,1C7B6C03-481C-4BF9-A8D8-CAA16A6DE399,2023-05-13,2700.0000,4206100.0000,E1F519FD-1564-4E87-9790-6D9BF89D544E
3A5F5A95-FCB0-465C-8B6E-3B6D745AD0ED,1C7B6C03-481C-4BF9-A8D8-CAA16A6DE399,2023-05-12,3300.0000,4203400.0000,E1F519FD-1564-4E87-9790-6D9BF89D544E
CE96569B-DDB0-421D-91A4-1416AD4E88F8,1C7B6C03-481C-4BF9-A8D8-CAA16A6DE399,2023-05-11,4400.0000,4200100.0000,E1F519FD-1564-4E87-9790-6D9BF89D544E
6981677D-4F8E-41BE-B8F6-4F0823A32CA2,1C7B6C03-481C-4BF9-A8D8-CAA16A6DE399,2023-05-10,3800.0000,4195700.0000,E1F519FD-1564-4E87-9790-6D9BF89D544E
DDC6A864-721C-4EE8-8440-C7A49C0A2D68,1C7B6C03-481C-4BF9-A8D8-CAA16A6DE399,2023-05-09,4400.0000,4191900.0000,E1F519FD-1564-4E87-9790-6D9BF89D544E
BA38107C-34EC-4A8F-B3EA-11205D2EAF29,1C7B6C03-481C-4BF9-A8D8-CAA16A6DE399,2023-05-08,6600.0000,4187500.0000,E1F519FD-1564-4E87-9790-6D9BF89D544E
C7019E6F-E94F-409B-98D1-93459B46319D,1C7B6C03-481C-4BF9-A8D8-CAA16A6DE399,2023-05-07,4400.0000,4180900.0000,E1F519FD-1564-4E87-9790-6D9BF89D544E
A0B2EA9A-6F3D-4AA9-800F-270B6FBCF97F,1C7B6C03-481C-4BF9-A8D8-CAA16A6DE399,2023-05-06,3600.0000,4176500.0000,E1F519FD-1564-4E87-9790-6D9BF89D544E
736D62B5-DC06-4BF9-B1AE-E4BABBF42C8C,1C7B6C03-481C-4BF9-A8D8-CAA16A6DE399,2023-05-05,6900.0000,4172900.0000,E1F519FD-1564-4E87-9790-6D9BF89D544E
39436025-8B2A-4FEE-B853-D3CEF3F28783,1C7B6C03-481C-4BF9-A8D8-CAA16A6DE399,2023-05-04,8300.0000,4166000.0000,E1F519FD-1564-4E87-9790-6D9BF89D544E
008F32DF-735D-43A2-96C4-AC3389380AD8,1C7B6C03-481C-4BF9-A8D8-CAA16A6DE399,2023-05-03,9800.0000,4157700.0000,E1F519FD-1564-4E87-9790-6D9BF89D544E
8E930048-490C-4840-9DC0-3DFD10B64EAE,1C7B6C03-481C-4BF9-A8D8-CAA16A6DE399,2023-05-02,8400.0000,4147900.0000,E1F519FD-1564-4E87-9790-6D9BF89D544E
B683E370-7841-4CB5-A4A4-0C4FEFD4E2B9,1C7B6C03-481C-4BF9-A8D8-CAA16A6DE399,2023-05-01,13500.0000,4139500.0000,E1F519FD-1564-4E87-9790-6D9BF89D544E
04E5A878-9638-44CB-8B2B-001CD5AC2226,1C7B6C03-481C-4BF9-A8D8-CAA16A6DE399,2023-04-30,9700.0000,4126000.0000,E1F519FD-1564-4E87-9790-6D9BF89D544E
F16FD34A-50D2-49A1-9243-F4E74FFFA954,1C7B6C03-481C-4BF9-A8D8-CAA16A6DE399,2023-04-29,7400.0000,4116300.0000,E1F519FD-1564-4E87-9790-6D9BF89D544E
F71B0308-78CA-4A23-AC06-0E92D49CD382,1C7B6C03-481C-4BF9-A8D8-CAA16A6DE399,2023-04-28,29000.0000,4108900.0000,E1F519FD-1564-4E87-9790-6D9BF89D544E
CFCB6927-52A2-46C2-8D0A-B8D9A88E93CD,1C7B6C03-481C-4BF9-A8D8-CAA16A6DE399,2023-04-27,12800.0000,4079900.0000,E1F519FD-1564-4E87-9790-6D9BF89D544E
5AFA72DD-5126-4EBE-B90E-B6324E1D790A,1C7B6C03-481C-4BF9-A8D8-CAA16A6DE399,2023-04-26,6000.0000,4067100.0000,E1F519FD-1564-4E87-9790-6D9BF89D544E
69AE52CC-6986-4928-8110-E802A9CDD00A,1C7B6C03-481C-4BF9-A8D8-CAA16A6DE399,2023-04-25,5000.0000,4061100.0000,E1F519FD-1564-4E87-9790-6D9BF89D544E
7E424F77-6555-4767-8D91-BBACD4E22BB2,1C7B6C03-481C-4BF9-A8D8-CAA16A6DE399,2023-04-24,4500.0000,4056100.0000,E1F519FD-1564-4E87-9790-6D9BF89D544E
922A2D13-34B9-4D94-AC60-14650F016CCB,1C7B6C03-481C-4BF9-A8D8-CAA16A6DE399,2023-04-23,7500.0000,4051600.0000,E1F519FD-1564-4E87-9790-6D9BF89D544E
D67ECF9A-369D-4B5C-AEE2-FB149A82B933,1C7B6C03-481C-4BF9-A8D8-CAA16A6DE399,2023-04-22,5200.0000,4044100.0000,E1F519FD-1564-4E87-9790-6D9BF89D544E
020710DB-1849-49D2-822A-516060A3D57E,1C7B6C03-481C-4BF9-A8D8-CAA16A6DE399,2023-04-21,3700.0000,4038900.0000,E1F519FD-1564-4E87-9790-6D9BF89D544E
FBD53096-DB52-4931-908C-363E20C0ACD0,1C7B6C03-481C-4BF9-A8D8-CAA16A6DE399,2023-04-20,3800.0000,4035200.0000,E1F519FD-1564-4E87-9790-6D9BF89D544E
D9388547-AD9F-4BA5-8687-E5A7B9B9C09C,1C7B6C03-481C-4BF9-A8D8-CAA16A6DE399,2023-04-19,5300.0000,4031400.0000,E1F519FD-1564-4E87-9790-6D9BF89D544E
11274D6F-FE47-42EA-9B0A-365CA56110BC,1C7B6C03-481C-4BF9-A8D8-CAA16A6DE399,2023-04-18,5700.0000,4026100.0000,E1F519FD-1564-4E87-9790-6D9BF89D544E
553588BC-5462-47F1-9CC5-A76A7A9C00B4,1C7B6C03-481C-4BF9-A8D8-CAA16A6DE399,2023-04-17,3500.0000,4020400.0000,E1F519FD-1564-4E87-9790-6D9BF89D544E
E59B65A6-AC59-453E-BE40-E40DEF9FF37F,1C7B6C03-481C-4BF9-A8D8-CAA16A6DE399,2023-04-16,6600.0000,4016900.0000,E1F519FD-1564-4E87-9790-6D9BF89D544E
ED8611DC-FA1B-4672-8D66-197E4FAB16CB,1C7B6C03-481C-4BF9-A8D8-CAA16A6DE399,2023-04-15,6300.0000,4010300.0000,E1F519FD-1564-4E87-9790-6D9BF89D544E
26A2FC58-C44E-4198-8789-B08F69663F72,1C7B6C03-481C-4BF9-A8D8-CAA16A6DE399,2023-04-14,4700.0000,4004000.0000,E1F519FD-1564-4E87-9790-6D9BF89D544E
9B10413E-C439-4A20-9030-9F5EA32C2D15,1C7B6C03-481C-4BF9-A8D8-CAA16A6DE399,2023-04-13,3300.0000,3999300.0000,E1F519FD-1564-4E87-9790-6D9BF89D544E
A5F75DCA-2B7A-484C-94D7-A57C83BBE1AD,1C7B6C03-481C-4BF9-A8D8-CAA16A6DE399,2023-04-12,3600.0000,3996000.0000,E1F519FD-1564-4E87-9790-6D9BF89D544E
CA98ABE7-0FBA-4E54-B582-753C25E3CFD0,1C7B6C03-481C-4BF9-A8D8-CAA16A6DE399,2023-04-11,5100.0000,3992400.0000,E1F519FD-1564-4E87-9790-6D9BF89D544E
C34163CA-16F2-4797-BF95-B373C31F8FB4,1C7B6C03-481C-4BF9-A8D8-CAA16A6DE399,2023-04-10,2600.0000,3987300.0000,E1F519FD-1564-4E87-9790-6D9BF89D544E
28BE6231-C4C6-4778-9B56-644E6F8F7D7E,1C7B6C03-481C-4BF9-A8D8-CAA16A6DE399,2023-04-09,2700.0000,3984700.0000,E1F519FD-1564-4E87-9790-6D9BF89D544E
32669FDE-5738-431C-AAA3-24585E4AA9A9,1C7B6C03-481C-4BF9-A8D8-CAA16A6DE399,2023-04-08,2700.0000,3982000.0000,E1F519FD-1564-4E87-9790-6D9BF89D544E
6D2B21DC-3B96-45E6-8D0E-D4C8792695D4,1C7B6C03-481C-4BF9-A8D8-CAA16A6DE399,2023-04-07,2600.0000,3979300.0000,E1F519FD-1564-4E87-9790-6D9BF89D544E
21313FF8-096E-4ACF-AB60-71E30A359BE1,1C7B6C03-481C-4BF9-A8D8-CAA16A6DE399,2023-04-06,2600.0000,3976700.0000,E1F519FD-1564-4E87-9790-6D9BF89D544E
B54677A9-67C1-4DA5-B540-A558DA422AD0,1C7B6C03-481C-4BF9-A8D8-CAA16A6DE399,2023-04-05,3400.0000,3974100.0000,E1F519FD-1564-4E87-9790-6D9BF89D544E
A8778576-B35E-4877-8B6D-D633CE90786D,1C7B6C03-481C-4BF9-A8D8-CAA16A6DE399,2023-04-04,4500.0000,3970700.0000,E1F519FD-1564-4E87-9790-6D9BF89D544E
D26C72AE-0E5C-428C-8EE3-DA144E9125B6,1C7B6C03-481C-4BF9-A8D8-CAA16A6DE399,2023-04-03,4900.0000,3966200.0000,E1F519FD-1564-4E87-9790-6D9BF89D544E
ED3E57EB-0555-408D-A739-88F7EE016141,1C7B6C03-481C-4BF9-A8D8-CAA16A6DE399,2023-04-02,4600.0000,3961300.0000,E1F519FD-1564-4E87-9790-6D9BF89D544E
6CEC2CB0-40B9-4009-B3CE-43018D69F685,1C7B6C03-481C-4BF9-A8D8-CAA16A6DE399,2023-04-01,2800.0000,3956700.0000,E1F519FD-1564-4E87-9790-6D9BF89D544E
55418295-2B16-40AF-A20B-5E2DA235C6CF,1C7B6C03-481C-4BF9-A8D8-CAA16A6DE399,2023-03-31,4200.0000,3953900.0000,E1F519FD-1564-4E87-9790-6D9BF89D544E
E5529B8A-C880-4BE4-979B-161626416C91,1C7B6C03-481C-4BF9-A8D8-CAA16A6DE399,2023-03-30,5600.0000,3949700.0000,E1F519FD-1564-4E87-9790-6D9BF89D544E
0ECFA917-CEA1-4502-977C-CEF84121D694,1C7B6C03-481C-4BF9-A8D8-CAA16A6DE399,2023-03-29,3400.0000,3944100.0000,E1F519FD-1564-4E87-9790-6D9BF89D544E
C7D39197-2368-4BA8-8A79-D84D6E38E15A,1C7B6C03-481C-4BF9-A8D8-CAA16A6DE399,2023-03-28,4000.0000,3940700.0000,E1F519FD-1564-4E87-9790-6D9BF89D544E
EA077826-E404-47D5-AFEA-AED4473F0132,1C7B6C03-481C-4BF9-A8D8-CAA16A6DE399,2023-03-27,4600.0000,3936700.0000,E1F519FD-1564-4E87-9790-6D9BF89D544E
9D9EB212-F0C7-42B9-A420-0AB2244ECC51,1C7B6C03-481C-4BF9-A8D8-CAA16A6DE399,2023-03-25,4100.0000,3932100.0000,E1F519FD-1564-4E87-9790-6D9BF89D544E
4C423DA9-4CBC-4AF5-9B14-042F9E6C0A2E,1C7B6C03-481C-4BF9-A8D8-CAA16A6DE399,2023-03-24,4100.0000,3928000.0000,E1F519FD-1564-4E87-9790-6D9BF89D544E
3723AABB-C1EF-4789-9AE8-C5E229703522,1C7B6C03-481C-4BF9-A8D8-CAA16A6DE399,2023-03-23,4600.0000,3923900.0000,E1F519FD-1564-4E87-9790-6D9BF89D544E
38F41A73-839B-44A5-88BE-D67FFBD8AB26,1C7B6C03-481C-4BF9-A8D8-CAA16A6DE399,2023-03-22,7300.0000,3919300.0000,E1F519FD-1564-4E87-9790-6D9BF89D544E
1E79C98D-7E8D-41BA-B46A-EEF9A1C85C8C,1C7B6C03-481C-4BF9-A8D8-CAA16A6DE399,2023-03-21,6600.0000,3912000.0000,E1F519FD-1564-4E87-9790-6D9BF89D544E
C1EA87CB-C549-4A1F-A630-EDD9EFBD77B8,1C7B6C03-481C-4BF9-A8D8-CAA16A6DE399,2023-03-20,11300.0000,3905400.0000,E1F519FD-1564-4E87-9790-6D9BF89D544E
D209E8DE-5732-408A-A4C6-CBBE25078765,1C7B6C03-481C-4BF9-A8D8-CAA16A6DE399,2023-03-19,8900.0000,3894100.0000,E1F519FD-1564-4E87-9790-6D9BF89D544E
061F782B-AF90-4D06-B395-CB0B407022EE,1C7B6C03-481C-4BF9-A8D8-CAA16A6DE399,2023-03-18,11600.0000,3885200.0000,E1F519FD-1564-4E87-9790-6D9BF89D544E
5F21617E-7375-4AEC-A110-6ABDE2915564,1C7B6C03-481C-4BF9-A8D8-CAA16A6DE399,2023-03-17,11300.0000,3873600.0000,E1F519FD-1564-4E87-9790-6D9BF89D544E
270D5414-BEF9-4CF4-BE91-B94E2AA20259,1C7B6C03-481C-4BF9-A8D8-CAA16A6DE399,2023-03-16,12000.0000,3862300.0000,E1F519FD-1564-4E87-9790-6D9BF89D544E
74601A14-ED49-484D-AB71-0E2EC87ED57A,1C7B6C03-481C-4BF9-A8D8-CAA16A6DE399,2023-03-15,13300.0000,3850300.0000,E1F519FD-1564-4E87-9790-6D9BF89D544E
E123F4D0-DBD8-4027-A9A9-6A723A13E696,1C7B6C03-481C-4BF9-A8D8-CAA16A6DE399,2023-03-14,11800.0000,3837000.0000,E1F519FD-1564-4E87-9790-6D9BF89D544E
B8651756-8233-44CA-8F21-EDB859B643B5,1C7B6C03-481C-4BF9-A8D8-CAA16A6DE399,2023-03-13,13800.0000,3825200.0000,E1F519FD-1564-4E87-9790-6D9BF89D544E
23742D0F-A408-40E9-9774-F139F61B1B76,1C7B6C03-481C-4BF9-A8D8-CAA16A6DE399,2023-03-12,15500.0000,3811400.0000,E1F519FD-1564-4E87-9790-6D9BF89D544E
907E5411-AFF7-4FD9-9BE5-7E67C7C6301F,1C7B6C03-481C-4BF9-A8D8-CAA16A6DE399,2023-03-11,13300.0000,3795900.0000,E1F519FD-1564-4E87-9790-6D9BF89D544E
54C7F3D5-475A-4206-8316-B8BC131E831D,1C7B6C03-481C-4BF9-A8D8-CAA16A6DE399,2023-03-10,13800.0000,3782600.0000,E1F519FD-1564-4E87-9790-6D9BF89D544E
50495085-F58A-4D8A-9D25-FD962CA1A2E6,1C7B6C03-481C-4BF9-A8D8-CAA16A6DE399,2023-03-09,12300.0000,3768800.0000,E1F519FD-1564-4E87-9790-6D9BF89D544E
5451B53E-CC72-414E-AE78-0714E5801C44,1C7B6C03-481C-4BF9-A8D8-CAA16A6DE399,2023-03-08,12500.0000,3756500.0000,E1F519FD-1564-4E87-9790-6D9BF89D544E
A631A463-C9FB-468B-A691-C94E4D3394C8,1C7B6C03-481C-4BF9-A8D8-CAA16A6DE399,2023-03-07,13800.0000,3744000.0000,E1F519FD-1564-4E87-9790-6D9BF89D544E
8D142689-7FE5-4A62-BFF6-80FAF2FB265F,1C7B6C03-481C-4BF9-A8D8-CAA16A6DE399,2023-03-06,13400.0000,3730200.0000,E1F519FD-1564-4E87-9790-6D9BF89D544E
AF98A6E1-5212-4F00-BB82-E1EBA2252842,1C7B6C03-481C-4BF9-A8D8-CAA16A6DE399,2023-03-05,13900.0000,3716800.0000,E1F519FD-1564-4E87-9790-6D9BF89D544E
0D3CDC55-7FCD-47E6-9CEF-AA264D2B1167,1C7B6C03-481C-4BF9-A8D8-CAA16A6DE399,2023-03-04,11600.0000,3702900.0000,E1F519FD-1564-4E87-9790-6D9BF89D544E
EB8569FE-CFF6-45C4-9099-334E448A94ED,1C7B6C03-481C-4BF9-A8D8-CAA16A6DE399,2023-03-03,7700.0000,3691300.0000,E1F519FD-1564-4E87-9790-6D9BF89D544E
936FE96F-C329-4AC1-BF56-66F00F01A43F,1C7B6C03-481C-4BF9-A8D8-CAA16A6DE399,2023-03-02,7200.0000,3683600.0000,E1F519FD-1564-4E87-9790-6D9BF89D544E
E561049D-3C61-4A2C-8908-4875D906BC8B,1C7B6C03-481C-4BF9-A8D8-CAA16A6DE399,2023-03-01,5300.0000,3676400.0000,E1F519FD-1564-4E87-9790-6D9BF89D544E
D97042F9-195B-4D5B-AC25-F02F79C4D07B,1C7B6C03-481C-4BF9-A8D8-CAA16A6DE399,2023-02-28,8100.0000,3671100.0000,E1F519FD-1564-4E87-9790-6D9BF89D544E
397411D6-2CC4-4B32-A904-BB48D9CAB353,1C7B6C03-481C-4BF9-A8D8-CAA16A6DE399,2023-02-27,7900.0000,3663000.0000,E1F519FD-1564-4E87-9790-6D9BF89D544E
286E99CF-8434-4007-9F67-F05D2B397661,1C7B6C03-481C-4BF9-A8D8-CAA16A6DE399,2023-02-26,12000.0000,3655100.0000,E1F519FD-1564-4E87-9790-6D9BF89D544E
7C6820CB-502D-41E5-9536-76485035B824,1C7B6C03-481C-4BF9-A8D8-CAA16A6DE399,2023-02-25,9600.0000,3643100.0000,E1F519FD-1564-4E87-9790-6D9BF89D544E
4B2E1503-DAB8-4383-8821-4BF7D984137E,1C7B6C03-481C-4BF9-A8D8-CAA16A6DE399,2023-02-24,10300.0000,3633500.0000,E1F519FD-1564-4E87-9790-6D9BF89D544E
1301C8C3-5A88-4D92-BB77-41AB60B8FD2B,1C7B6C03-481C-4BF9-A8D8-CAA16A6DE399,2023-02-23,8300.0000,3623200.0000,E1F519FD-1564-4E87-9790-6D9BF89D544E
2C4ABB2E-FA9A-4A60-85C9-95855B8DDFAA,1C7B6C03-481C-4BF9-A8D8-CAA16A6DE399,2023-02-22,8000.0000,3614900.0000,E1F519FD-1564-4E87-9790-6D9BF89D544E
DD28EA2A-BEE1-45B0-B967-3490303A1E6C,1C7B6C03-481C-4BF9-A8D8-CAA16A6DE399,2023-02-21,10700.0000,3606900.0000,E1F519FD-1564-4E87-9790-6D9BF89D544E
EED5432B-F908-4EA3-B4D1-D044825F77FF,1C7B6C03-481C-4BF9-A8D8-CAA16A6DE399,2023-02-20,10300.0000,3596200.0000,E1F519FD-1564-4E87-9790-6D9BF89D544E
AC120AD8-3CC1-49FB-ADD6-D4C2283F92B2,1C7B6C03-481C-4BF9-A8D8-CAA16A6DE399,2023-02-19,8700.0000,3585900.0000,E1F519FD-1564-4E87-9790-6D9BF89D544E
7F95D20D-8B95-4214-8A91-3287B94D3C17,1C7B6C03-481C-4BF9-A8D8-CAA16A6DE399,2023-02-18,11400.0000,3577200.0000,E1F519FD-1564-4E87-9790-6D9BF89D544E
63DCDDC7-B1D2-4A18-97AA-15D2A12A319B,1C7B6C03-481C-4BF9-A8D8-CAA16A6DE399,2023-02-17,9500.0000,3565800.0000,E1F519FD-1564-4E87-9790-6D9BF89D544E
0EC17FF6-F7AC-407D-AC4E-E090056BF8F9,1C7B6C03-481C-4BF9-A8D8-CAA16A6DE399,2023-02-16,9000.0000,3556300.0000,E1F519FD-1564-4E87-9790-6D9BF89D544E
2A5712BB-05EA-4B0A-A88C-CAA37A997D70,1C7B6C03-481C-4BF9-A8D8-CAA16A6DE399,2023-02-15,10000.0000,3547300.0000,E1F519FD-1564-4E87-9790-6D9BF89D544E
5F72A23B-0B8B-494D-84E8-93D2B616971C,1C7B6C03-481C-4BF9-A8D8-CAA16A6DE399,2023-02-14,14500.0000,3537300.0000,E1F519FD-1564-4E87-9790-6D9BF89D544E
DAB4EECD-CA14-4C3F-A659-BC2FAE94227F,1C7B6C03-481C-4BF9-A8D8-CAA16A6DE399,2023-02-13,8500.0000,3522800.0000,E1F519FD-1564-4E87-9790-6D9BF89D544E
43E61CC4-7557-4F67-9C4B-C555414275A8,1C7B6C03-481C-4BF9-A8D8-CAA16A6DE399,2023-02-12,7500.0000,3514300.0000,E1F519FD-1564-4E87-9790-6D9BF89D544E
2404DA7B-B20B-43EF-92D7-831B42A01A4E,1C7B6C03-481C-4BF9-A8D8-CAA16A6DE399,2023-02-11,7900.0000,3506800.0000,E1F519FD-1564-4E87-9790-6D9BF89D544E
DB617879-1D27-47B3-91CF-9802B0D484BF,1C7B6C03-481C-4BF9-A8D8-CAA16A6DE399,2023-02-10,8800.0000,3498900.0000,E1F519FD-1564-4E87-9790-6D9BF89D544E
967F933A-E8A4-4B4B-A82F-70714EFC4D47,1C7B6C03-481C-4BF9-A8D8-CAA16A6DE399,2023-02-09,9800.0000,3490100.0000,E1F519FD-1564-4E87-9790-6D9BF89D544E
9AAA3CC4-2365-47F4-B79D-D5487B4A77E5,1C7B6C03-481C-4BF9-A8D8-CAA16A6DE399,2023-02-08,9400.0000,3480300.0000,E1F519FD-1564-4E87-9790-6D9BF89D544E
33E0FE06-1D7B-4E6A-B940-3E260F352AC5,1C7B6C03-481C-4BF9-A8D8-CAA16A6DE399,2023-02-07,8900.0000,3470900.0000,E1F519FD-1564-4E87-9790-6D9BF89D544E
DAF3CE55-7DB3-4C9F-BD4F-43B40518DC1C,1C7B6C03-481C-4BF9-A8D8-CAA16A6DE399,2023-02-06,9900.0000,3462000.0000,E1F519FD-1564-4E87-9790-6D9BF89D544E
7F543B0B-C289-4E40-9664-B5F3B9A394AC,1C7B6C03-481C-4BF9-A8D8-CAA16A6DE399,2023-02-05,12900.0000,3452100.0000,E1F519FD-1564-4E87-9790-6D9BF89D544E
F5BD93D7-6F9B-4088-A4D6-2DF964741DC0,1C7B6C03-481C-4BF9-A8D8-CAA16A6DE399,2023-02-04,8300.0000,3439200.0000,E1F519FD-1564-4E87-9790-6D9BF89D544E
44AFF59E-2F47-4865-9B46-4B29249D5685,1C7B6C03-481C-4BF9-A8D8-CAA16A6DE399,2023-02-03,8600.0000,3430900.0000,E1F519FD-1564-4E87-9790-6D9BF89D544E
EBEA92CD-AC83-4FBE-AA02-1A747F37BB1F,1C7B6C03-481C-4BF9-A8D8-CAA16A6DE399,2023-02-02,9900.0000,3422300.0000,E1F519FD-1564-4E87-9790-6D9BF89D544E
6B7F6A3A-FBC0-42FE-84C1-06D4E14B8627,1C7B6C03-481C-4BF9-A8D8-CAA16A6DE399,2023-02-01,7100.0000,3412400.0000,E1F519FD-1564-4E87-9790-6D9BF89D544E
21FC99CE-1221-45C0-9C36-35AD2437C947,1C7B6C03-481C-4BF9-A8D8-CAA16A6DE399,2023-01-31,8000.0000,3405300.0000,E1F519FD-1564-4E87-9790-6D9BF89D544E
212F30BD-AEA9-4B63-A9B3-E8D15CD33A8C,1C7B6C03-481C-4BF9-A8D8-CAA16A6DE399,2023-01-30,7700.0000,3397300.0000,E1F519FD-1564-4E87-9790-6D9BF89D544E
286F4ACC-7CA5-4D2F-8B6F-DAC757CB901D,1C7B6C03-481C-4BF9-A8D8-CAA16A6DE399,2023-01-29,11800.0000,3389600.0000,E1F519FD-1564-4E87-9790-6D9BF89D544E
FF6ADFA5-98FB-4CDB-99B3-50A033A55084,1C7B6C03-481C-4BF9-A8D8-CAA16A6DE399,2023-01-28,8400.0000,3377800.0000,E1F519FD-1564-4E87-9790-6D9BF89D544E
DCB73375-E89E-4F29-88A6-2578ED4BE46E,1C7B6C03-481C-4BF9-A8D8-CAA16A6DE399,2023-01-27,10200.0000,3369400.0000,E1F519FD-1564-4E87-9790-6D9BF89D544E
9FF9CB3B-9F15-472A-8EC7-A5EF5E0EA139,1C7B6C03-481C-4BF9-A8D8-CAA16A6DE399,2023-01-26,9200.0000,3359200.0000,E1F519FD-1564-4E87-9790-6D9BF89D544E
13740C6E-17A4-40EC-AEC4-99CC47061477,1C7B6C03-481C-4BF9-A8D8-CAA16A6DE399,2023-01-25,10100.0000,3350000.0000,E1F519FD-1564-4E87-9790-6D9BF89D544E
7B3D8FAC-2EC8-47E0-9AE3-F074B8E48105,1C7B6C03-481C-4BF9-A8D8-CAA16A6DE399,2023-01-24,8400.0000,3339900.0000,E1F519FD-1564-4E87-9790-6D9BF89D544E
733DA778-D11E-4B65-8FB6-2C6F1B9D3749,1C7B6C03-481C-4BF9-A8D8-CAA16A6DE399,2023-01-23,8700.0000,3331500.0000,E1F519FD-1564-4E87-9790-6D9BF89D544E
5487E8EB-6D10-4E57-8D11-51670ED4B3FA,1C7B6C03-481C-4BF9-A8D8-CAA16A6DE399,2023-01-22,10100.0000,3322800.0000,E1F519FD-1564-4E87-9790-6D9BF89D544E
82D71940-2124-4490-AA26-BF38266746ED,1C7B6C03-481C-4BF9-A8D8-CAA16A6DE399,2023-01-21,7500.0000,3312700.0000,E1F519FD-1564-4E87-9790-6D9BF89D544E
BEB66512-679C-4C44-822C-4D2C28C9ABC4,1C7B6C03-481C-4BF9-A8D8-CAA16A6DE399,2023-01-20,8800.0000,3305200.0000,E1F519FD-1564-4E87-9790-6D9BF89D544E
12D94077-0D3E-4B7B-B8AF-2EAFCF923CF2,1C7B6C03-481C-4BF9-A8D8-CAA16A6DE399,2023-01-19,7100.0000,3296400.0000,E1F519FD-1564-4E87-9790-6D9BF89D544E
F442F1F0-92BC-4C60-8430-65FD5A015F5D,1C7B6C03-481C-4BF9-A8D8-CAA16A6DE399,2023-01-18,7300.0000,3289300.0000,E1F519FD-1564-4E87-9790-6D9BF89D544E
47A9504F-3E0B-49B2-8481-5FF2C1FEAB26,1C7B6C03-481C-4BF9-A8D8-CAA16A6DE399,2023-01-17,8400.0000,3282000.0000,E1F519FD-1564-4E87-9790-6D9BF89D544E
D0AB5AEA-7BA3-4CDA-B0F1-BA97780B1B18,1C7B6C03-481C-4BF9-A8D8-CAA16A6DE399,2023-01-16,6700.0000,3273600.0000,E1F519FD-1564-4E87-9790-6D9BF89D544E
BB2BC749-1EDA-4223-933F-EDA9846DC608,1C7B6C03-481C-4BF9-A8D8-CAA16A6DE399,2023-01-15,6700.0000,3266900.0000,E1F519FD-1564-4E87-9790-6D9BF89D544E
3872ACF1-FE90-4EE6-810B-6A0277D9C7A3,1C7B6C03-481C-4BF9-A8D8-CAA16A6DE399,2023-01-14,8700.0000,3260200.0000,E1F519FD-1564-4E87-9790-6D9BF89D544E
6E16DF4B-527B-449F-877F-B8A7229E079B,1C7B6C03-481C-4BF9-A8D8-CAA16A6DE399,2023-01-13,8800.0000,3251500.0000,E1F519FD-1564-4E87-9790-6D9BF89D544E
10DCB15B-FB0B-4248-B79D-0AB3551D3966,1C7B6C03-481C-4BF9-A8D8-CAA16A6DE399,2023-01-12,6800.0000,3242700.0000,E1F519FD-1564-4E87-9790-6D9BF89D544E
C5C55EEA-152E-40A6-9F1B-28CCEFE8C6CC,1C7B6C03-481C-4BF9-A8D8-CAA16A6DE399,2023-01-11,6100.0000,3235900.0000,E1F519FD-1564-4E87-9790-6D9BF89D544E
E18AD467-4173-4513-8397-AD55314D08A8,1C7B6C03-481C-4BF9-A8D8-CAA16A6DE399,2023-01-10,7600.0000,3229800.0000,E1F519FD-1564-4E87-9790-6D9BF89D544E
0CEA620A-4461-48F0-B9A1-AC619B2FF081,1C7B6C03-481C-4BF9-A8D8-CAA16A6DE399,2023-01-09,7400.0000,3222200.0000,E1F519FD-1564-4E87-9790-6D9BF89D544E
46A271EE-CA7E-48DC-BB35-9D4545BAE614,1C7B6C03-481C-4BF9-A8D8-CAA16A6DE399,2023-01-08,8200.0000,3214800.0000,E1F519FD-1564-4E87-9790-6D9BF89D544E
E05F21F7-0D56-4EA7-8110-0C448F350ECC,1C7B6C03-481C-4BF9-A8D8-CAA16A6DE399,2023-01-07,9200.0000,3206600.0000,E1F519FD-1564-4E87-9790-6D9BF89D544E
631EB2CD-12DA-4283-89F4-8FDD65881A04,1C7B6C03-481C-4BF9-A8D8-CAA16A6DE399,2023-01-06,8400.0000,3197400.0000,E1F519FD-1564-4E87-9790-6D9BF89D544E
88AE7D96-E117-4003-84BA-077B23ECBB59,1C7B6C03-481C-4BF9-A8D8-CAA16A6DE399,2023-01-05,8300.0000,3189000.0000,E1F519FD-1564-4E87-9790-6D9BF89D544E
8B29BF91-9664-4BB9-8217-0413330BB408,1C7B6C03-481C-4BF9-A8D8-CAA16A6DE399,2023-01-04,9400.0000,3180700.0000,E1F519FD-1564-4E87-9790-6D9BF89D544E
6B1D227C-87D5-436F-AE66-9BAB86984A2B,1C7B6C03-481C-4BF9-A8D8-CAA16A6DE399,2023-01-03,10700.0000,3171300.0000,E1F519FD-1564-4E87-9790-6D9BF89D544E
AAD4C753-9262-475A-9A0D-73005C95DA3F,1C7B6C03-481C-4BF9-A8D8-CAA16A6DE399,2023-01-02,7100.0000,3160600.0000,E1F519FD-1564-4E87-9790-6D9BF89D544E
4309DD00-983C-433D-B20A-2FF2AD18A30B,1C7B6C03-481C-4BF9-A8D8-CAA16A6DE399,2023-01-01,6900.0000,3153500.0000,E1F519FD-1564-4E87-9790-6D9BF89D544E
65BEF4D8-2477-4926-9B6D-41E7B3CB0FAA,1C7B6C03-481C-4BF9-A8D8-CAA16A6DE399,2022-12-31,6800.0000,3146600.0000,E1F519FD-1564-4E87-9790-6D9BF89D544E
F161E330-FF56-4B06-B79F-BABDD2E9EACF,1C7B6C03-481C-4BF9-A8D8-CAA16A6DE399,2022-12-30,6900.0000,3139800.0000,E1F519FD-1564-4E87-9790-6D9BF89D544E
51601673-A272-4E06-A7CD-D1AAF819E904,1C7B6C03-481C-4BF9-A8D8-CAA16A6DE399,2022-12-29,6800.0000,3132900.0000,E1F519FD-1564-4E87-9790-6D9BF89D544E
7CE61551-1851-40A3-B364-764AA093BD21,1C7B6C03-481C-4BF9-A8D8-CAA16A6DE399,2022-12-28,7500.0000,3126100.0000,E1F519FD-1564-4E87-9790-6D9BF89D544E
E2AB8407-2D94-427B-9DF4-C37D973C1C9C,1C7B6C03-481C-4BF9-A8D8-CAA16A6DE399,2022-12-27,6800.0000,3118600.0000,E1F519FD-1564-4E87-9790-6D9BF89D544E
6DF4079B-EE8F-442A-94D4-EC3B97FCAC02,1C7B6C03-481C-4BF9-A8D8-CAA16A6DE399,2022-12-26,7300.0000,3111800.0000,E1F519FD-1564-4E87-9790-6D9BF89D544E
68C8009D-9CBC-4EF9-BAD7-1EF01ECDB7A7,1C7B6C03-481C-4BF9-A8D8-CAA16A6DE399,2022-12-25,7500.0000,3104500.0000,E1F519FD-1564-4E87-9790-6D9BF89D544E
FC14885E-C278-47DA-AC2A-190BB4F4F3DF,1C7B6C03-481C-4BF9-A8D8-CAA16A6DE399,2022-12-24,7200.0000,3097000.0000,E1F519FD-1564-4E87-9790-6D9BF89D544E
D30F4FE1-0C1C-4A22-B005-0C047C0BA039,1C7B6C03-481C-4BF9-A8D8-CAA16A6DE399,2022-12-23,6800.0000,3089800.0000,E1F519FD-1564-4E87-9790-6D9BF89D544E
30C092D6-B928-4A2F-BE10-75E8786D1001,1C7B6C03-481C-4BF9-A8D8-CAA16A6DE399,2022-12-22,7200.0000,3083000.0000,E1F519FD-1564-4E87-9790-6D9BF89D544E
BD125C03-0F74-4A50-991D-7A017B205F75,1C7B6C03-481C-4BF9-A8D8-CAA16A6DE399,2022-12-21,7000.0000,3075800.0000,E1F519FD-1564-4E87-9790-6D9BF89D544E
6F300AE9-F68B-49AB-A380-E16CD1D18F35,1C7B6C03-481C-4BF9-A8D8-CAA16A6DE399,2022-12-20,7800.0000,3068800.0000,E1F519FD-1564-4E87-9790-6D9BF89D544E
9027B95C-68AE-4584-ACAA-06138C22974B,1C7B6C03-481C-4BF9-A8D8-CAA16A6DE399,2022-12-19,7900.0000,3061000.0000,E1F519FD-1564-4E87-9790-6D9BF89D544E
EAC1FC00-AD84-4F29-B926-76EA36CA997E,1C7B6C03-481C-4BF9-A8D8-CAA16A6DE399,2022-12-18,7900.0000,3053100.0000,E1F519FD-1564-4E87-9790-6D9BF89D544E
07062C76-2DF9-495C-8E29-DF218C50DB07,1C7B6C03-481C-4BF9-A8D8-CAA16A6DE399,2022-12-17,8200.0000,3045200.0000,E1F519FD-1564-4E87-9790-6D9BF89D544E
F82624CA-F9BF-433F-B000-AB515741C995,1C7B6C03-481C-4BF9-A8D8-CAA16A6DE399,2022-12-16,8200.0000,3037000.0000,E1F519FD-1564-4E87-9790-6D9BF89D544E
8A70CAC5-16D6-4A76-86D7-A4BFE88A82BB,1C7B6C03-481C-4BF9-A8D8-CAA16A6DE399,2022-12-15,9400.0000,3028800.0000,E1F519FD-1564-4E87-9790-6D9BF89D544E
FBCCDAB3-DD77-480C-820B-B9A6724B8E70,1C7B6C03-481C-4BF9-A8D8-CAA16A6DE399,2022-12-14,10300.0000,3019400.0000,E1F519FD-1564-4E87-9790-6D9BF89D544E
C31DB5D9-4BF8-4C19-8BE6-FDE5EF80DFD1,1C7B6C03-481C-4BF9-A8D8-CAA16A6DE399,2022-12-13,8300.0000,3009100.0000,E1F519FD-1564-4E87-9790-6D9BF89D544E
2DB135F8-3059-4169-A22C-8873AE82D249,1C7B6C03-481C-4BF9-A8D8-CAA16A6DE399,2022-12-12,8100.0000,3000800.0000,E1F519FD-1564-4E87-9790-6D9BF89D544E
F6FDD9EB-B9F5-4759-BF6E-5A38010D9BE4,1C7B6C03-481C-4BF9-A8D8-CAA16A6DE399,2022-12-11,12400.0000,2992700.0000,E1F519FD-1564-4E87-9790-6D9BF89D544E
724904B3-1C59-48D6-A291-CF6C54CA797C,1C7B6C03-481C-4BF9-A8D8-CAA16A6DE399,2022-12-10,8900.0000,2980300.0000,E1F519FD-1564-4E87-9790-6D9BF89D544E
8C19875F-E755-47AB-ABD1-A971D938B642,1C7B6C03-481C-4BF9-A8D8-CAA16A6DE399,2022-12-09,9100.0000,2971400.0000,E1F519FD-1564-4E87-9790-6D9BF89D544E
3D45403E-49B5-43A1-8FE9-8192FD7AEC69,1C7B6C03-481C-4BF9-A8D8-CAA16A6DE399,2022-12-08,8900.0000,2962300.0000,E1F519FD-1564-4E87-9790-6D9BF89D544E
48378C73-B160-447D-BCCC-3FF57BABCE8A,1C7B6C03-481C-4BF9-A8D8-CAA16A6DE399,2022-12-07,11200.0000,2953400.0000,E1F519FD-1564-4E87-9790-6D9BF89D544E
99665E10-9888-4904-A6AB-347E3A4DD185,1C7B6C03-481C-4BF9-A8D8-CAA16A6DE399,2022-12-06,9000.0000,2942200.0000,E1F519FD-1564-4E87-9790-6D9BF89D544E
A6FF134E-27EC-41A7-B474-3BFBBE3ADA87,1C7B6C03-481C-4BF9-A8D8-CAA16A6DE399,2022-12-05,9100.0000,2933200.0000,E1F519FD-1564-4E87-9790-6D9BF89D544E
09930165-C3AB-4DD6-B260-A267C9886B11,1C7B6C03-481C-4BF9-A8D8-CAA16A6DE399,2022-12-04,10400.0000,2924100.0000,E1F519FD-1564-4E87-9790-6D9BF89D544E
706B1610-EFDB-4635-901C-AC588CC77CFC,1C7B6C03-481C-4BF9-A8D8-CAA16A6DE399,2022-12-03,8000.0000,2913700.0000,E1F519FD-1564-4E87-9790-6D9BF89D544E
F57190F8-3120-4C6E-9BEF-16EB0EEBDDAF,1C7B6C03-481C-4BF9-A8D8-CAA16A6DE399,2022-12-02,8100.0000,2905700.0000,E1F519FD-1564-4E87-9790-6D9BF89D544E
4032E34D-787C-400E-94C1-15D35FDACEDC,1C7B6C03-481C-4BF9-A8D8-CAA16A6DE399,2022-12-01,7800.0000,2897600.0000,E1F519FD-1564-4E87-9790-6D9BF89D544E
0A8D2A0F-988A-4357-B7BD-7B8465441924,1C7B6C03-481C-4BF9-A8D8-CAA16A6DE399,2022-11-30,10100.0000,2889800.0000,E1F519FD-1564-4E87-9790-6D9BF89D544E
B1AF5906-4C94-463C-9482-21D574D8AE5B,1C7B6C03-481C-4BF9-A8D8-CAA16A6DE399,2022-11-29,8600.0000,2879700.0000,E1F519FD-1564-4E87-9790-6D9BF89D544E
463CC1CD-C9A2-4C53-BFEF-2DB01E568959,1C7B6C03-481C-4BF9-A8D8-CAA16A6DE399,2022-11-28,10700.0000,2871100.0000,E1F519FD-1564-4E87-9790-6D9BF89D544E
75756D18-CFF6-4796-9175-0C2184654762,1C7B6C03-481C-4BF9-A8D8-CAA16A6DE399,2022-11-27,9600.0000,2860400.0000,E1F519FD-1564-4E87-9790-6D9BF89D544E
09D6CEEF-411A-42DA-944E-FEFA06A0FA6F,1C7B6C03-481C-4BF9-A8D8-CAA16A6DE399,2022-11-26,8400.0000,2850800.0000,E1F519FD-1564-4E87-9790-6D9BF89D544E
3486A859-D42C-42CE-823D-6193AB3828C1,1C7B6C03-481C-4BF9-A8D8-CAA16A6DE399,2022-11-25,7800.0000,2842400.0000,E1F519FD-1564-4E87-9790-6D9BF89D544E
037176C1-E321-4A5A-AE93-5CFE4811C4C2,1C7B6C03-481C-4BF9-A8D8-CAA16A6DE399,2022-11-24,10400.0000,2834600.0000,E1F519FD-1564-4E87-9790-6D9BF89D544E
53C03B7F-AB16-456C-BC15-835DC4099E8F,1C7B6C03-481C-4BF9-A8D8-CAA16A6DE399,2022-11-23,8500.0000,2824200.0000,E1F519FD-1564-4E87-9790-6D9BF89D544E
37D77883-24C8-4134-8079-A641C8476B40,1C7B6C03-481C-4BF9-A8D8-CAA16A6DE399,2022-11-22,8900.0000,2815700.0000,E1F519FD-1564-4E87-9790-6D9BF89D544E
7E1A7A6F-4745-4B02-87F9-E924A597B2A2,1C7B6C03-481C-4BF9-A8D8-CAA16A6DE399,2022-11-21,8100.0000,2806800.0000,E1F519FD-1564-4E87-9790-6D9BF89D544E
6DD8D610-32AF-475C-BA46-2772E75C241E,1C7B6C03-481C-4BF9-A8D8-CAA16A6DE399,2022-11-20,9100.0000,2798700.0000,E1F519FD-1564-4E87-9790-6D9BF89D544E
001DCB6A-326A-48CA-948F-52299E89EF95,1C7B6C03-481C-4BF9-A8D8-CAA16A6DE399,2022-11-19,9300.0000,2789600.0000,E1F519FD-1564-4E87-9790-6D9BF89D544E
37DFF331-4337-43F9-B6F1-B394256CA755,1C7B6C03-481C-4BF9-A8D8-CAA16A6DE399,2022-11-18,8200.0000,2780300.0000,E1F519FD-1564-4E87-9790-6D9BF89D544E
B8231509-C38B-47A7-8725-EEB8F10DC147,1C7B6C03-481C-4BF9-A8D8-CAA16A6DE399,2022-11-17,10700.0000,2772100.0000,E1F519FD-1564-4E87-9790-6D9BF89D544E
40F9D1E4-0C5C-4CED-A1D6-C0E61421476E,1C7B6C03-481C-4BF9-A8D8-CAA16A6DE399,2022-11-16,7400.0000,2761400.0000,E1F519FD-1564-4E87-9790-6D9BF89D544E
0C9A5F43-D3C6-440C-A46E-C510E0566EF1,1C7B6C03-481C-4BF9-A8D8-CAA16A6DE399,2022-11-15,8900.0000,2754000.0000,E1F519FD-1564-4E87-9790-6D9BF89D544E
453FF41C-1FDB-4777-9B9E-024E94F71EE5,1C7B6C03-481C-4BF9-A8D8-CAA16A6DE399,2022-11-14,8300.0000,2745100.0000,E1F519FD-1564-4E87-9790-6D9BF89D544E
CF244589-053E-48A0-956C-D347DB353A0F,1C7B6C03-481C-4BF9-A8D8-CAA16A6DE399,2022-11-13,8900.0000,2736800.0000,E1F519FD-1564-4E87-9790-6D9BF89D544E
B83F9AB2-3420-4C8D-9CB1-C02738E855BF,1C7B6C03-481C-4BF9-A8D8-CAA16A6DE399,2022-11-12,9100.0000,2727900.0000,E1F519FD-1564-4E87-9790-6D9BF89D544E
E28CC408-22DD-4895-9432-2439B81BBEE9,1C7B6C03-481C-4BF9-A8D8-CAA16A6DE399,2022-11-11,8400.0000,2718800.0000,E1F519FD-1564-4E87-9790-6D9BF89D544E
EF706F8E-8EC9-454B-B3C3-B8C782EF98F5,1C7B6C03-481C-4BF9-A8D8-CAA16A6DE399,2022-11-10,8400.0000,2710400.0000,E1F519FD-1564-4E87-9790-6D9BF89D544E
E7FC8992-14CA-4B0E-A16F-BB2952E9EF0D,1C7B6C03-481C-4BF9-A8D8-CAA16A6DE399,2022-11-09,9800.0000,2702000.0000,E1F519FD-1564-4E87-9790-6D9BF89D544E
D7863CC0-D417-4BD0-AD51-6E95A934B3FD,1C7B6C03-481C-4BF9-A8D8-CAA16A6DE399,2022-11-08,7500.0000,2692200.0000,E1F519FD-1564-4E87-9790-6D9BF89D544E
D1C0E7EA-2F7A-43EA-8911-7F636E490057,1C7B6C03-481C-4BF9-A8D8-CAA16A6DE399,2022-11-07,8800.0000,2684700.0000,E1F519FD-1564-4E87-9790-6D9BF89D544E
5C26D058-B818-47CA-AEE8-AA85736DD34E,1C7B6C03-481C-4BF9-A8D8-CAA16A6DE399,2022-11-06,7600.0000,2675900.0000,E1F519FD-1564-4E87-9790-6D9BF89D544E
8F09443E-95C0-4DF1-81E1-D3294D987217,1C7B6C03-481C-4BF9-A8D8-CAA16A6DE399,2022-11-05,9300.0000,2668300.0000,E1F519FD-1564-4E87-9790-6D9BF89D544E
B402544E-CBE7-4E21-82AF-DCD6D0C2E342,1C7B6C03-481C-4BF9-A8D8-CAA16A6DE399,2022-11-04,9800.0000,2659000.0000,E1F519FD-1564-4E87-9790-6D9BF89D544E
60A4E2BF-6599-4911-983D-736E17F70513,1C7B6C03-481C-4BF9-A8D8-CAA16A6DE399,2022-11-03,9200.0000,2649200.0000,E1F519FD-1564-4E87-9790-6D9BF89D544E
DA31F65C-5462-4C37-AF26-40D80F3F3C1C,1C7B6C03-481C-4BF9-A8D8-CAA16A6DE399,2022-11-02,8600.0000,2640000.0000,E1F519FD-1564-4E87-9790-6D9BF89D544E
307B5EB8-725E-44A2-ADDE-06251155B163,1C7B6C03-481C-4BF9-A8D8-CAA16A6DE399,2022-11-01,8400.0000,2631400.0000,E1F519FD-1564-4E87-9790-6D9BF89D544E
58A8BE59-540F-47C1-A3B1-BD2BFF172153,1C7B6C03-481C-4BF9-A8D8-CAA16A6DE399,2022-10-31,9300.0000,2623000.0000,E1F519FD-1564-4E87-9790-6D9BF89D544E
937FBC3F-0A9D-4262-81CB-59FEBE927F8E,1C7B6C03-481C-4BF9-A8D8-CAA16A6DE399,2022-10-30,6300.0000,2613700.0000,E1F519FD-1564-4E87-9790-6D9BF89D544E
AF786B33-3D6B-4F75-A9CE-848F46F37B6E,1C7B6C03-481C-4BF9-A8D8-CAA16A6DE399,2022-10-29,7300.0000,2607400.0000,E1F519FD-1564-4E87-9790-6D9BF89D544E
057FA98F-FE3B-4891-B127-BF3906CE8631,1C7B6C03-481C-4BF9-A8D8-CAA16A6DE399,2022-10-28,8400.0000,2600100.0000,E1F519FD-1564-4E87-9790-6D9BF89D544E
3F516564-E0C7-4169-AC2F-8FB82426059F,1C7B6C03-481C-4BF9-A8D8-CAA16A6DE399,2022-10-27,6800.0000,2591700.0000,E1F519FD-1564-4E87-9790-6D9BF89D544E
2EE79029-74D3-4847-94C2-905B43FBD8EA,1C7B6C03-481C-4BF9-A8D8-CAA16A6DE399,2022-10-26,6900.0000,2584900.0000,E1F519FD-1564-4E87-9790-6D9BF89D544E
6A9D1731-D22D-4FC6-8759-23E3BBDD126F,1C7B6C03-481C-4BF9-A8D8-CAA16A6DE399,2022-10-25,6900.0000,2578000.0000,E1F519FD-1564-4E87-9790-6D9BF89D544E
7BDF1202-97D6-4807-843C-B98BBFA0CFF2,1C7B6C03-481C-4BF9-A8D8-CAA16A6DE399,2022-10-24,6800.0000,2571100.0000,E1F519FD-1564-4E87-9790-6D9BF89D544E
74A1D173-8ABF-4452-A7AB-0DC533DCE436,1C7B6C03-481C-4BF9-A8D8-CAA16A6DE399,2022-10-23,6900.0000,2564300.0000,E1F519FD-1564-4E87-9790-6D9BF89D544E
E0AF3CD7-F6E2-4C50-A43A-123564632E4C,1C7B6C03-481C-4BF9-A8D8-CAA16A6DE399,2022-10-22,7500.0000,2557400.0000,E1F519FD-1564-4E87-9790-6D9BF89D544E
7143814C-0AF4-40FE-8D7A-78DC2EACDE40,1C7B6C03-481C-4BF9-A8D8-CAA16A6DE399,2022-10-21,6900.0000,2549900.0000,E1F519FD-1564-4E87-9790-6D9BF89D544E
C3396374-4FEC-4380-9ADA-793BFB24B36E,1C7B6C03-481C-4BF9-A8D8-CAA16A6DE399,2022-10-20,8000.0000,2543000.0000,E1F519FD-1564-4E87-9790-6D9BF89D544E
D6E6D254-A292-49E2-8ED8-823E40F5D475,1C7B6C03-481C-4BF9-A8D8-CAA16A6DE399,2022-10-19,7600.0000,2535000.0000,E1F519FD-1564-4E87-9790-6D9BF89D544E
D6CC14DC-D3CC-40E2-BA2B-E3D3C863C8FD,1C7B6C03-481C-4BF9-A8D8-CAA16A6DE399,2022-10-18,10100.0000,2527400.0000,E1F519FD-1564-4E87-9790-6D9BF89D544E
559D3184-C594-49A3-808C-DEF402A8827E,1C7B6C03-481C-4BF9-A8D8-CAA16A6DE399,2022-10-17,11000.0000,2517300.0000,E1F519FD-1564-4E87-9790-6D9BF89D544E
B9388446-B049-4C60-AEB6-E2F89731A726,1C7B6C03-481C-4BF9-A8D8-CAA16A6DE399,2022-10-16,6300.0000,2506300.0000,E1F519FD-1564-4E87-9790-6D9BF89D544E
93AFE57C-DBB5-40D7-937E-3B662685C3FE,1C7B6C03-481C-4BF9-A8D8-CAA16A6DE399,2022-10-15,6900.0000,2500000.0000,E1F519FD-1564-4E87-9790-6D9BF89D544E
BABDEF97-55CA-4728-8C2D-70E4CB656401,1C7B6C03-481C-4BF9-A8D8-CAA16A6DE399,2022-10-14,6900.0000,2493100.0000,E1F519FD-1564-4E87-9790-6D9BF89D544E
D0906806-CE48-4BA9-AC97-A22D93964805,1C7B6C03-481C-4BF9-A8D8-CAA16A6DE399,2022-10-13,8100.0000,2486200.0000,E1F519FD-1564-4E87-9790-6D9BF89D544E
42227494-D8E0-4D36-AF52-A9F5A3D5F5D9,1C7B6C03-481C-4BF9-A8D8-CAA16A6DE399,2022-10-12,6800.0000,2478100.0000,E1F519FD-1564-4E87-9790-6D9BF89D544E
6483EF73-5FFD-4E70-B908-8B3C51B2A7B4,1C7B6C03-481C-4BF9-A8D8-CAA16A6DE399,2022-10-11,6200.0000,2471300.0000,E1F519FD-1564-4E87-9790-6D9BF89D544E
3078E0EF-4687-47A2-8B87-1E3FEC22787B,1C7B6C03-481C-4BF9-A8D8-CAA16A6DE399,2022-10-10,7300.0000,2465100.0000,E1F519FD-1564-4E87-9790-6D9BF89D544E
21E7B762-31C8-4BA6-BC8B-50C2421D1056,1C7B6C03-481C-4BF9-A8D8-CAA16A6DE399,2022-10-09,8300.0000,2457800.0000,E1F519FD-1564-4E87-9790-6D9BF89D544E
ACC5C301-7B81-4860-B927-77AB6B6140D8,1C7B6C03-481C-4BF9-A8D8-CAA16A6DE399,2022-10-08,5700.0000,2449500.0000,E1F519FD-1564-4E87-9790-6D9BF89D544E
A558F281-77A4-4224-9AAF-86F2F40CDFCC,1C7B6C03-481C-4BF9-A8D8-CAA16A6DE399,2022-10-07,6300.0000,2443800.0000,E1F519FD-1564-4E87-9790-6D9BF89D544E
824E3FCF-71D5-4ED1-8BF0-26576BD3D604,1C7B6C03-481C-4BF9-A8D8-CAA16A6DE399,2022-10-06,5500.0000,2437500.0000,E1F519FD-1564-4E87-9790-6D9BF89D544E
4BD04A6C-5384-4574-BCE1-A0D320873648,1C7B6C03-481C-4BF9-A8D8-CAA16A6DE399,2022-10-05,6300.0000,2432000.0000,E1F519FD-1564-4E87-9790-6D9BF89D544E
78AA3939-8B8B-441F-BDD2-BC8A37C70234,1C7B6C03-481C-4BF9-A8D8-CAA16A6DE399,2022-10-04,8900.0000,2425700.0000,E1F519FD-1564-4E87-9790-6D9BF89D544E
2FB53D63-F230-4669-AA57-0006B6A18791,1C7B6C03-481C-4BF9-A8D8-CAA16A6DE399,2022-10-03,9500.0000,2416800.0000,E1F519FD-1564-4E87-9790-6D9BF89D544E
69E85404-7E62-423D-83ED-786292E2D31A,1C7B6C03-481C-4BF9-A8D8-CAA16A6DE399,2022-10-02,5400.0000,2407300.0000,E1F519FD-1564-4E87-9790-6D9BF89D544E
FAFA1A60-6E8B-42E8-AF20-FA0DD4E339E0,1C7B6C03-481C-4BF9-A8D8-CAA16A6DE399,2022-10-01,5200.0000,2401900.0000,E1F519FD-1564-4E87-9790-6D9BF89D544E
A0BCD6CC-6FA4-41D6-83E5-48A727DDE778,1C7B6C03-481C-4BF9-A8D8-CAA16A6DE399,2022-09-30,5200.0000,2396700.0000,E1F519FD-1564-4E87-9790-6D9BF89D544E
DBFFAA8B-CDF9-4A64-AE37-FC42807E77C7,1C7B6C03-481C-4BF9-A8D8-CAA16A6DE399,2022-09-29,7100.0000,2391500.0000,E1F519FD-1564-4E87-9790-6D9BF89D544E
E907F311-3855-4208-8EDD-FB1541BFFF2B,1C7B6C03-481C-4BF9-A8D8-CAA16A6DE399,2022-09-28,6500.0000,2384400.0000,E1F519FD-1564-4E87-9790-6D9BF89D544E
63848A4A-34C4-4AAE-9771-1A604ABD7C80,1C7B6C03-481C-4BF9-A8D8-CAA16A6DE399,2022-09-27,5800.0000,2377900.0000,E1F519FD-1564-4E87-9790-6D9BF89D544E
1CC933D1-BF37-4639-9B19-DA6502693A72,1C7B6C03-481C-4BF9-A8D8-CAA16A6DE399,2022-09-26,5500.0000,2372100.0000,E1F519FD-1564-4E87-9790-6D9BF89D544E
D0505F93-F70B-494C-89D4-9BDBDD931963,1C7B6C03-481C-4BF9-A8D8-CAA16A6DE399,2022-09-25,7500.0000,2366600.0000,E1F519FD-1564-4E87-9790-6D9BF89D544E
645D380D-6E75-4253-8085-B319FBE3704E,1C7B6C03-481C-4BF9-A8D8-CAA16A6DE399,2022-09-24,6000.0000,2359100.0000,E1F519FD-1564-4E87-9790-6D9BF89D544E
D8F2E640-26DB-432E-8755-BA10E26CA74D,1C7B6C03-481C-4BF9-A8D8-CAA16A6DE399,2022-09-23,7600.0000,2353100.0000,E1F519FD-1564-4E87-9790-6D9BF89D544E
2C402486-5E4F-4295-839A-AA0FA7C80054,1C7B6C03-481C-4BF9-A8D8-CAA16A6DE399,2022-09-22,7300.0000,2345500.0000,E1F519FD-1564-4E87-9790-6D9BF89D544E
FF440B83-C164-48D7-BD2E-2A3D8F08A726,1C7B6C03-481C-4BF9-A8D8-CAA16A6DE399,2022-09-21,6100.0000,2338200.0000,E1F519FD-1564-4E87-9790-6D9BF89D544E
56EEF085-E59F-4809-8377-E950B552A345,1C7B6C03-481C-4BF9-A8D8-CAA16A6DE399,2022-09-20,6400.0000,2332100.0000,E1F519FD-1564-4E87-9790-6D9BF89D544E
0D64AE73-EB9F-494A-B444-843A020FD1C5,1C7B6C03-481C-4BF9-A8D8-CAA16A6DE399,2022-09-19,7500.0000,2325700.0000,E1F519FD-1564-4E87-9790-6D9BF89D544E
43AFE53A-7476-4BBB-8BC7-12D1A962D63F,1C7B6C03-481C-4BF9-A8D8-CAA16A6DE399,2022-09-18,6400.0000,2318200.0000,E1F519FD-1564-4E87-9790-6D9BF89D544E
CCF7D2CD-3D52-4049-B5F9-C8DD98ECF69D,1C7B6C03-481C-4BF9-A8D8-CAA16A6DE399,2022-09-17,5200.0000,2311800.0000,E1F519FD-1564-4E87-9790-6D9BF89D544E
F5A453A8-FBE0-4BC5-9B30-A65F285B0768,1C7B6C03-481C-4BF9-A8D8-CAA16A6DE399,2022-09-16,4300.0000,2306600.0000,E1F519FD-1564-4E87-9790-6D9BF89D544E
C1859948-2B1E-4F9A-BEDC-D244B646DB51,1C7B6C03-481C-4BF9-A8D8-CAA16A6DE399,2022-09-15,6000.0000,2302300.0000,E1F519FD-1564-4E87-9790-6D9BF89D544E
BB5EE5B7-C48D-4871-A7F4-CDA197D77484,1C7B6C03-481C-4BF9-A8D8-CAA16A6DE399,2022-09-14,3200.0000,2296300.0000,E1F519FD-1564-4E87-9790-6D9BF89D544E
3DEDC7A8-3A7A-49C0-AF3C-F3307B65F413,1C7B6C03-481C-4BF9-A8D8-CAA16A6DE399,2022-09-13,9700.0000,2293100.0000,E1F519FD-1564-4E87-9790-6D9BF89D544E
9EEB9F3A-7753-4E8A-B943-EFC75C2A59AB,1C7B6C03-481C-4BF9-A8D8-CAA16A6DE399,2022-09-12,10500.0000,2283400.0000,E1F519FD-1564-4E87-9790-6D9BF89D544E
3DD804BB-794A-49A6-8665-D3BBD61304B2,1C7B6C03-481C-4BF9-A8D8-CAA16A6DE399,2022-09-11,13700.0000,2272900.0000,E1F519FD-1564-4E87-9790-6D9BF89D544E
BFA307E0-AD77-4E3E-A4E2-A1381ED42287,1C7B6C03-481C-4BF9-A8D8-CAA16A6DE399,2022-09-10,10300.0000,2259200.0000,E1F519FD-1564-4E87-9790-6D9BF89D544E
1E33195E-18D7-455A-8111-FF1289FEC775,1C7B6C03-481C-4BF9-A8D8-CAA16A6DE399,2022-09-09,9600.0000,2248900.0000,E1F519FD-1564-4E87-9790-6D9BF89D544E
B39DB267-4021-4D05-9F9C-65F6294B4D37,1C7B6C03-481C-4BF9-A8D8-CAA16A6DE399,2022-09-08,10500.0000,2239300.0000,E1F519FD-1564-4E87-9790-6D9BF89D544E
97E367B2-8F3D-4F06-ACB3-C0E2EB1F7459,1C7B6C03-481C-4BF9-A8D8-CAA16A6DE399,2022-09-07,9200.0000,2228800.0000,E1F519FD-1564-4E87-9790-6D9BF89D544E
BC71942C-9801-45BA-B1EF-F714F7BDF2B5,1C7B6C03-481C-4BF9-A8D8-CAA16A6DE399,2022-09-06,8700.0000,2219600.0000,E1F519FD-1564-4E87-9790-6D9BF89D544E
65A4A1FD-7698-4C6B-A740-2D24F15769D9,1C7B6C03-481C-4BF9-A8D8-CAA16A6DE399,2022-09-05,12100.0000,2210900.0000,E1F519FD-1564-4E87-9790-6D9BF89D544E
BD7E3C1C-95A9-4EF9-8199-B6A57DBC464A,1C7B6C03-481C-4BF9-A8D8-CAA16A6DE399,2022-09-04,10300.0000,2198800.0000,E1F519FD-1564-4E87-9790-6D9BF89D544E
24433FBA-46A2-49FF-AC53-DE96F9A282A2,1C7B6C03-481C-4BF9-A8D8-CAA16A6DE399,2022-09-03,11900.0000,2188500.0000,E1F519FD-1564-4E87-9790-6D9BF89D544E
0953588E-12CC-48C5-AE2F-1205F53899D6,1C7B6C03-481C-4BF9-A8D8-CAA16A6DE399,2022-09-02,10000.0000,2176600.0000,E1F519FD-1564-4E87-9790-6D9BF89D544E
E04FD501-3E6B-4F54-AB6D-D125CC1E187F,1C7B6C03-481C-4BF9-A8D8-CAA16A6DE399,2022-09-01,9600.0000,2166600.0000,E1F519FD-1564-4E87-9790-6D9BF89D544E
417FEC32-CD08-4EA5-A6B2-C38E6555F67A,1C7B6C03-481C-4BF9-A8D8-CAA16A6DE399,2022-08-31,11000.0000,2157000.0000,E1F519FD-1564-4E87-9790-6D9BF89D544E
603FA11D-C6CE-4728-8F03-B133A445215E,1C7B6C03-481C-4BF9-A8D8-CAA16A6DE399,2022-08-30,9000.0000,2146000.0000,E1F519FD-1564-4E87-9790-6D9BF89D544E
96D6E52A-B121-449F-8264-CEB06CB12FA0,1C7B6C03-481C-4BF9-A8D8-CAA16A6DE399,2022-08-29,13000.0000,2137000.0000,E1F519FD-1564-4E87-9790-6D9BF89D544E
B84701B0-F50E-4636-AC66-F1EDBCA72674,1C7B6C03-481C-4BF9-A8D8-CAA16A6DE399,2022-08-28,9000.0000,2124000.0000,E1F519FD-1564-4E87-9790-6D9BF89D544E
88D03180-A96E-4BFC-9397-BB9ADBF24B5E,1C7B6C03-481C-4BF9-A8D8-CAA16A6DE399,2022-08-27,7000.0000,2115000.0000,E1F519FD-1564-4E87-9790-6D9BF89D544E
B6EC4C80-4EFB-4507-8E5C-0134E6DC58FB,1C7B6C03-481C-4BF9-A8D8-CAA16A6DE399,2022-08-26,9000.0000,2108000.0000,E1F519FD-1564-4E87-9790-6D9BF89D544E
DBA53678-5B0A-4801-AC76-781336ED9E38,1C7B6C03-481C-4BF9-A8D8-CAA16A6DE399,2022-08-25,8000.0000,2099000.0000,E1F519FD-1564-4E87-9790-6D9BF89D544E
E1C10A2A-BF9C-40EA-8897-C81154C04B91,1C7B6C03-481C-4BF9-A8D8-CAA16A6DE399,2022-08-24,9000.0000,2091000.0000,E1F519FD-1564-4E87-9790-6D9BF89D544E
CBF78981-93D9-4BF6-9DFB-3FEDCDB2C9AB,1C7B6C03-481C-4BF9-A8D8-CAA16A6DE399,2022-08-23,8000.0000,2082000.0000,E1F519FD-1564-4E87-9790-6D9BF89D544E
51A37661-B0A2-4ECC-8427-33C69B07F8BF,1C7B6C03-481C-4BF9-A8D8-CAA16A6DE399,2022-08-22,7000.0000,2074000.0000,E1F519FD-1564-4E87-9790-6D9BF89D544E
BA16089D-F6EB-4C51-B551-B6F5BF2B4CC4,1C7B6C03-481C-4BF9-A8D8-CAA16A6DE399,2022-08-21,8000.0000,2067000.0000,E1F519FD-1564-4E87-9790-6D9BF89D544E
F9F88C31-D0CA-4959-BE6D-5C99D23EA6A1,1C7B6C03-481C-4BF9-A8D8-CAA16A6DE399,2022-08-20,10000.0000,2059000.0000,E1F519FD-1564-4E87-9790-6D9BF89D544E
7793F210-A7F3-446A-BCD6-23D33C67870C,1C7B6C03-481C-4BF9-A8D8-CAA16A6DE399,2022-08-19,5000.0000,2049000.0000,E1F519FD-1564-4E87-9790-6D9BF89D544E
D7E88694-9AF2-466C-92D8-E85B8C0A381B,1C7B6C03-481C-4BF9-A8D8-CAA16A6DE399,2022-08-18,5000.0000,2044000.0000,E1F519FD-1564-4E87-9790-6D9BF89D544E
540949FD-C174-4BBE-9639-BBBC00CD78A0,1C7B6C03-481C-4BF9-A8D8-CAA16A6DE399,2022-08-17,6000.0000,2039000.0000,E1F519FD-1564-4E87-9790-6D9BF89D544E
3D4CC47E-61B3-48A1-B8A9-556009BB1DE8,1C7B6C03-481C-4BF9-A8D8-CAA16A6DE399,2022-08-16,5000.0000,2033000.0000,E1F519FD-1564-4E87-9790-6D9BF89D544E
3391F351-A370-4E5F-8380-9A212E2CA3AD,1C7B6C03-481C-4BF9-A8D8-CAA16A6DE399,2022-08-15,9000.0000,2028000.0000,E1F519FD-1564-4E87-9790-6D9BF89D544E
16C8693F-F509-45B1-9804-A7AC9A9D731B,1C7B6C03-481C-4BF9-A8D8-CAA16A6DE399,2022-08-14,6000.0000,2019000.0000,E1F519FD-1564-4E87-9790-6D9BF89D544E
6F5A54C9-A813-4129-AAAC-A01C028734FF,1C7B6C03-481C-4BF9-A8D8-CAA16A6DE399,2022-08-13,7000.0000,2013000.0000,E1F519FD-1564-4E87-9790-6D9BF89D544E
F326784F-CDB8-4867-B4FA-D991D8CEB41E,1C7B6C03-481C-4BF9-A8D8-CAA16A6DE399,2022-08-12,6000.0000,2006000.0000,E1F519FD-1564-4E87-9790-6D9BF89D544E
1CB7A498-D25B-4E6D-9D21-D37227971C7D,1C7B6C03-481C-4BF9-A8D8-CAA16A6DE399,2022-08-11,6000.0000,2000000.0000,E1F519FD-1564-4E87-9790-6D9BF89D544E
B90FC43F-93B0-4107-9E98-59C14527EBF5,1C7B6C03-481C-4BF9-A8D8-CAA16A6DE399,2022-08-10,7000.0000,1994000.0000,E1F519FD-1564-4E87-9790-6D9BF89D544E
5225BEFD-3748-4F0D-BAE8-21FB73BF58C4,1C7B6C03-481C-4BF9-A8D8-CAA16A6DE399,2022-08-09,7000.0000,1987000.0000,E1F519FD-1564-4E87-9790-6D9BF89D544E
8CEC9B6A-C2AF-4E9A-B6DE-A1B88B305D09,1C7B6C03-481C-4BF9-A8D8-CAA16A6DE399,2022-08-08,7000.0000,1980000.0000,E1F519FD-1564-4E87-9790-6D9BF89D544E
45F52296-4C51-4DE7-8FFA-BDD9185139D1,1C7B6C03-481C-4BF9-A8D8-CAA16A6DE399,2022-08-07,7000.0000,1973000.0000,E1F519FD-1564-4E87-9790-6D9BF89D544E
0A738CD5-6321-4EAE-BBBA-26D02E83F655,1C7B6C03-481C-4BF9-A8D8-CAA16A6DE399,2022-08-06,6000.0000,1966000.0000,E1F519FD-1564-4E87-9790-6D9BF89D544E
56C9C541-9269-4A6A-8DE7-F956DEBE27F0,1C7B6C03-481C-4BF9-A8D8-CAA16A6DE399,2022-08-05,5000.0000,1960000.0000,E1F519FD-1564-4E87-9790-6D9BF89D544E
1B4FB566-18AA-4E3B-B6FF-8EF4CA2679C3,1C7B6C03-481C-4BF9-A8D8-CAA16A6DE399,2022-08-04,6000.0000,1955000.0000,E1F519FD-1564-4E87-9790-6D9BF89D544E
1400B4C5-1411-43EA-9A00-356D156433F8,1C7B6C03-481C-4BF9-A8D8-CAA16A6DE399,2022-08-03,6000.0000,1949000.0000,E1F519FD-1564-4E87-9790-6D9BF89D544E
029C1741-20E8-4344-BD0F-0380B0B38A2E,1C7B6C03-481C-4BF9-A8D8-CAA16A6DE399,2022-08-02,6000.0000,1943000.0000,E1F519FD-1564-4E87-9790-6D9BF89D544E
676ED270-ADAF-4EC9-A9A1-580E9BB2E080,1C7B6C03-481C-4BF9-A8D8-CAA16A6DE399,2022-08-01,6000.0000,1937000.0000,E1F519FD-1564-4E87-9790-6D9BF89D544E
0812C264-FF23-45B5-9B40-69C8CD1FBF72,1C7B6C03-481C-4BF9-A8D8-CAA16A6DE399,2022-07-31,6000.0000,1931000.0000,E1F519FD-1564-4E87-9790-6D9BF89D544E
EA33A720-98F2-44AE-BFA5-4782411DC48C,1C7B6C03-481C-4BF9-A8D8-CAA16A6DE399,2022-07-30,7000.0000,1925000.0000,E1F519FD-1564-4E87-9790-6D9BF89D544E
2FFBB75B-7901-4D6E-9560-1A52FDB5A642,1C7B6C03-481C-4BF9-A8D8-CAA16A6DE399,2022-07-29,7000.0000,1918000.0000,E1F519FD-1564-4E87-9790-6D9BF89D544E
74D56B77-48DC-4BC7-B4FF-16B8A8670E80,1C7B6C03-481C-4BF9-A8D8-CAA16A6DE399,2022-07-28,7000.0000,1911000.0000,E1F519FD-1564-4E87-9790-6D9BF89D544E
7655D5EB-255E-45E0-A55F-DDC7C8041C84,1C7B6C03-481C-4BF9-A8D8-CAA16A6DE399,2022-07-27,9000.0000,1904000.0000,E1F519FD-1564-4E87-9790-6D9BF89D544E
A62E8D91-3F2B-4A66-B9D3-140F7FC80447,1C7B6C03-481C-4BF9-A8D8-CAA16A6DE399,2022-07-26,6000.0000,1895000.0000,E1F519FD-1564-4E87-9790-6D9BF89D544E
43E7B899-3FBC-474C-8F82-AC1097E4033E,1C7B6C03-481C-4BF9-A8D8-CAA16A6DE399,2022-07-25,6000.0000,1889000.0000,E1F519FD-1564-4E87-9790-6D9BF89D544E
E45C8BC9-A26A-44B0-9F82-6A107CBCBF71,1C7B6C03-481C-4BF9-A8D8-CAA16A6DE399,2022-07-24,6000.0000,1883000.0000,E1F519FD-1564-4E87-9790-6D9BF89D544E
398A93AB-3C60-4DE5-810B-855EA1FB4E35,1C7B6C03-481C-4BF9-A8D8-CAA16A6DE399,2022-07-23,6000.0000,1877000.0000,E1F519FD-1564-4E87-9790-6D9BF89D544E
F45C29CD-F440-4293-94D7-AA3641655471,1C7B6C03-481C-4BF9-A8D8-CAA16A6DE399,2022-07-22,4000.0000,1871000.0000,E1F519FD-1564-4E87-9790-6D9BF89D544E
7F24119D-6643-4765-806F-481D5091C40F,1C7B6C03-481C-4BF9-A8D8-CAA16A6DE399,2022-07-21,4000.0000,1867000.0000,E1F519FD-1564-4E87-9790-6D9BF89D544E
8E019CAC-65FB-4195-BD3F-D736E7C21B33,1C7B6C03-481C-4BF9-A8D8-CAA16A6DE399,2022-07-20,6000.0000,1863000.0000,E1F519FD-1564-4E87-9790-6D9BF89D544E
DDBD6D13-2689-4155-89F5-627F3948559E,1C7B6C03-481C-4BF9-A8D8-CAA16A6DE399,2022-07-19,6000.0000,1857000.0000,E1F519FD-1564-4E87-9790-6D9BF89D544E
81D4BDF0-5583-4023-831C-B4B5F160B79F,1C7B6C03-481C-4BF9-A8D8-CAA16A6DE399,2022-07-18,6000.0000,1851000.0000,E1F519FD-1564-4E87-9790-6D9BF89D544E
BE6ACE7B-6D7A-423D-9B26-57C57D4ECE3A,1C7B6C03-481C-4BF9-A8D8-CAA16A6DE399,2022-07-17,8000.0000,1845000.0000,E1F519FD-1564-4E87-9790-6D9BF89D544E
03AE616A-7E19-48A6-8E8E-BA0CD46837F9,1C7B6C03-481C-4BF9-A8D8-CAA16A6DE399,2022-07-16,8000.0000,1837000.0000,E1F519FD-1564-4E87-9790-6D9BF89D544E
FCAE9EBE-B360-4959-AEE3-EE1971368F70,1C7B6C03-481C-4BF9-A8D8-CAA16A6DE399,2022-07-15,6000.0000,1829000.0000,E1F519FD-1564-4E87-9790-6D9BF89D544E
4CF4C9C5-3E4E-4D46-98D5-945086D37950,1C7B6C03-481C-4BF9-A8D8-CAA16A6DE399,2022-07-14,6000.0000,1823000.0000,E1F519FD-1564-4E87-9790-6D9BF89D544E
796CE4FB-66BD-4DA4-80B0-948486B14E8E,1C7B6C03-481C-4BF9-A8D8-CAA16A6DE399,2022-07-13,6000.0000,1817000.0000,E1F519FD-1564-4E87-9790-6D9BF89D544E
CFE8B35D-781E-416B-BCA7-1658DE94E4A7,1C7B6C03-481C-4BF9-A8D8-CAA16A6DE399,2022-07-12,6000.0000,1811000.0000,E1F519FD-1564-4E87-9790-6D9BF89D544E
3E44C26B-07B0-4B4D-82EE-6DEE37EB365F,1C7B6C03-481C-4BF9-A8D8-CAA16A6DE399,2022-07-11,6000.0000,1805000.0000,E1F519FD-1564-4E87-9790-6D9BF89D544E
915D0E2B-CF99-4B47-A134-8EBB4D9402A6,1C7B6C03-481C-4BF9-A8D8-CAA16A6DE399,2022-07-10,6000.0000,1799000.0000,E1F519FD-1564-4E87-9790-6D9BF89D544E
BC5FD142-08B4-403E-9654-5A36520098BD,1C7B6C03-481C-4BF9-A8D8-CAA16A6DE399,2022-07-09,6000.0000,1793000.0000,E1F519FD-1564-4E87-9790-6D9BF89D544E
74A30A54-6891-4CAA-9628-7DE3CC210CBF,1C7B6C03-481C-4BF9-A8D8-CAA16A6DE399,2022-07-08,6000.0000,1787000.0000,E1F519FD-1564-4E87-9790-6D9BF89D544E
5A4A2D8B-AA84-4359-A5F4-698105A14A70,1C7B6C03-481C-4BF9-A8D8-CAA16A6DE399,2022-07-07,6000.0000,1781000.0000,E1F519FD-1564-4E87-9790-6D9BF89D544E
524479E8-ACC8-429B-A184-3F559C42A831,1C7B6C03-481C-4BF9-A8D8-CAA16A6DE399,2022-07-06,6000.0000,1775000.0000,E1F519FD-1564-4E87-9790-6D9BF89D544E
FE2FDC6E-4F22-4BC9-8C8D-6BBE6756E092,1C7B6C03-481C-4BF9-A8D8-CAA16A6DE399,2022-07-05,6000.0000,1769000.0000,E1F519FD-1564-4E87-9790-6D9BF89D544E
A5E554FB-C76F-471E-B925-ECC6BE643800,1C7B6C03-481C-4BF9-A8D8-CAA16A6DE399,2022-07-04,4000.0000,1763000.0000,E1F519FD-1564-4E87-9790-6D9BF89D544E
E3AAC7C1-3FD4-4464-9026-F4AD40F2BC0C,1C7B6C03-481C-4BF9-A8D8-CAA16A6DE399,2022-07-03,4000.0000,1759000.0000,E1F519FD-1564-4E87-9790-6D9BF89D544E
DFE42A72-06AC-45F3-AF1A-7DB0894849BA,1C7B6C03-481C-4BF9-A8D8-CAA16A6DE399,2022-07-02,4000.0000,1755000.0000,E1F519FD-1564-4E87-9790-6D9BF89D544E
2299DA2D-F980-4791-9EBB-B4EAB9B88278,1C7B6C03-481C-4BF9-A8D8-CAA16A6DE399,2022-07-01,2000.0000,1751000.0000,E1F519FD-1564-4E87-9790-6D9BF89D544E
843E56A3-CC34-43EF-8875-76F5E5F5568C,1C7B6C03-481C-4BF9-A8D8-CAA16A6DE399,2022-06-30,0.0000,1749000.0000,E1F519FD-1564-4E87-9790-6D9BF89D544E
